Date,Ticker,Company,Sector,Open,High,Low,Close,Adj_Close,Volume,Daily_Return_Pct,Market_Cap_BUSD,PE_Ratio,Dividend_Yield_Pct,Beta_5Y,RSI_14D,Sentiment_Score,ESG_Score,Analyst_Signal
2023-01-03,AAPL,Apple Inc.,Technology,174.87,177.66,172.47,176.63,173.99,9180463,0.934,2800,29.5,0.55,1.22,74.11,0.508,78,SELL
2023-01-03,AMZN,Amazon.com Inc.,Consumer Discretionary,138.3,143.69,136.95,143.3,141.15,4920707,2.356,1850,42.0,0.0,0.93,68.98,0.384,65,HOLD
2023-01-03,BAC,Bank of America Corp.,Financials,31.91,32.04,31.09,31.49,31.02,2855244,-1.602,270,10.4,2.9,0.74,46.23,0.346,69,HOLD
2023-01-03,JNJ,Johnson & Johnson,Healthcare,159.75,163.98,158.74,163.84,161.38,3148108,2.397,410,15.6,3.1,0.58,55.55,0.369,82,HOLD
2023-01-03,JPM,JPMorgan Chase & Co.,Financials,155.99,157.49,155.16,156.52,154.17,4084120,0.98,540,11.8,2.45,0.65,69.49,0.62,71,HOLD
2023-01-03,MSFT,Microsoft Corp.,Technology,340.77,346.11,338.55,346.04,340.85,5946290,1.777,2600,33.2,0.72,0.9,52.14,0.65,85,HOLD
2023-01-03,NVDA,NVIDIA Corp.,Technology,459.04,493.42,454.25,486.82,479.51,6186284,5.83,2100,65.4,0.08,0.89,46.81,0.409,74,HOLD
2023-01-03,PFE,Pfizer Inc.,Healthcare,30.06,30.34,29.69,30.08,29.62,4818333,0.252,170,14.1,5.4,1.01,54.33,0.502,80,HOLD
2023-01-03,TSLA,Tesla Inc.,Consumer Discretionary,236.79,258.75,228.39,250.11,246.35,5121638,4.21,780,72.3,0.0,0.43,52.97,0.583,62,HOLD
2023-01-03,XOM,Exxon Mobil Corp.,Energy,104.93,106.22,103.63,105.18,103.61,803465,0.176,440,12.2,3.65,0.87,58.56,0.512,58,HOLD
2023-01-04,AAPL,Apple Inc.,Technology,176.13,177.04,173.4,174.86,172.24,856078,-1.006,2800,29.5,0.55,0.87,63.43,0.721,78,HOLD
2023-01-04,AMZN,Amazon.com Inc.,Consumer Discretionary,141.51,147.23,140.11,146.41,144.21,8559894,2.17,1850,42.0,0.0,0.7,42.18,0.451,65,BUY
2023-01-04,BAC,Bank of America Corp.,Financials,31.37,31.49,30.37,30.44,29.99,2928912,-3.317,270,10.4,2.9,0.92,42.78,0.76,69,BUY
2023-01-04,JNJ,Johnson & Johnson,Healthcare,163.61,164.91,163.16,164.58,162.11,5466519,0.452,410,15.6,3.1,1.08,47.68,0.036,82,HOLD
2023-01-04,JPM,JPMorgan Chase & Co.,Financials,156.16,160.62,154.51,158.79,156.41,5630416,1.451,540,11.8,2.45,0.79,63.95,0.534,71,HOLD
2023-01-04,MSFT,Microsoft Corp.,Technology,344.4,345.79,343.97,344.12,338.96,1476627,-0.555,2600,33.2,0.72,1.14,11.56,0.434,85,BUY
2023-01-04,NVDA,NVIDIA Corp.,Technology,486.96,488.69,462.06,465.63,458.65,14045597,-4.352,2100,65.4,0.08,1.19,67.52,0.474,74,HOLD
2023-01-04,PFE,Pfizer Inc.,Healthcare,30.25,30.33,29.54,29.99,29.54,3736749,-0.271,170,14.1,5.4,0.94,50.15,0.579,80,HOLD
2023-01-04,TSLA,Tesla Inc.,Consumer Discretionary,248.98,261.02,244.87,255.97,252.13,4634455,2.343,780,72.3,0.0,0.69,31.36,0.323,62,BUY
2023-01-04,XOM,Exxon Mobil Corp.,Energy,105.63,106.08,104.39,105.61,104.03,5532511,0.404,440,12.2,3.65,0.49,65.74,0.535,58,HOLD
2023-01-05,AAPL,Apple Inc.,Technology,173.52,175.81,171.72,172.07,169.49,10236348,-1.594,2800,29.5,0.55,1.12,44.38,0.294,78,BUY
2023-01-05,AMZN,Amazon.com Inc.,Consumer Discretionary,146.58,147.37,140.68,141.65,139.53,3811801,-3.247,1850,42.0,0.0,0.95,51.26,0.554,65,HOLD
2023-01-05,BAC,Bank of America Corp.,Financials,30.36,31.37,30.17,31.02,30.56,5807061,1.897,270,10.4,2.9,0.95,35.2,1.0,69,BUY
2023-01-05,JNJ,Johnson & Johnson,Healthcare,164.72,164.92,161.99,163.05,160.6,6057697,-0.928,410,15.6,3.1,1.05,26.24,0.438,82,BUY
2023-01-05,JPM,JPMorgan Chase & Co.,Financials,159.08,160.36,157.65,160.05,157.65,4721412,0.793,540,11.8,2.45,0.94,82.58,0.4,71,SELL
2023-01-05,MSFT,Microsoft Corp.,Technology,345.11,349.34,334.31,337.6,332.54,3701179,-1.896,2600,33.2,0.72,1.05,54.08,0.818,85,HOLD
2023-01-05,NVDA,NVIDIA Corp.,Technology,469.61,470.9,445.57,449.55,442.81,5885418,-3.454,2100,65.4,0.08,0.96,60.36,0.389,74,HOLD
2023-01-05,PFE,Pfizer Inc.,Healthcare,29.84,29.93,29.08,29.34,28.9,5557688,-2.192,170,14.1,5.4,0.81,53.2,0.537,80,HOLD
2023-01-05,TSLA,Tesla Inc.,Consumer Discretionary,255.19,259.24,248.58,258.73,254.85,8465504,1.081,780,72.3,0.0,0.83,52.53,0.66,62,HOLD
2023-01-05,XOM,Exxon Mobil Corp.,Energy,105.0,107.13,103.37,106.5,104.9,3758061,0.841,440,12.2,3.65,0.52,51.07,0.347,58,HOLD
2023-01-06,AAPL,Apple Inc.,Technology,172.95,173.4,169.31,170.28,167.73,6424567,-1.04,2800,29.5,0.55,1.1,44.53,0.521,78,BUY
2023-01-06,AMZN,Amazon.com Inc.,Consumer Discretionary,142.77,144.8,137.55,138.92,136.84,15139757,-1.927,1850,42.0,0.0,0.89,50.08,0.619,65,HOLD
2023-01-06,BAC,Bank of America Corp.,Financials,30.85,31.78,30.3,31.62,31.15,4948091,1.932,270,10.4,2.9,1.05,55.88,0.356,69,HOLD
2023-01-06,JNJ,Johnson & Johnson,Healthcare,162.27,164.3,159.88,163.83,161.38,4689135,0.482,410,15.6,3.1,0.95,45.73,0.371,82,HOLD
2023-01-06,JPM,JPMorgan Chase & Co.,Financials,158.79,161.99,157.81,161.53,159.1,4824113,0.922,540,11.8,2.45,0.88,56.67,0.535,71,HOLD
2023-01-06,MSFT,Microsoft Corp.,Technology,336.93,337.92,332.8,334.69,329.67,4423429,-0.862,2600,33.2,0.72,0.99,52.22,0.437,85,HOLD
2023-01-06,NVDA,NVIDIA Corp.,Technology,452.22,459.77,424.1,427.78,421.36,12494199,-4.843,2100,65.4,0.08,1.32,38.71,0.687,74,BUY
2023-01-06,PFE,Pfizer Inc.,Healthcare,29.38,29.61,29.34,29.54,29.1,4056166,0.709,170,14.1,5.4,0.81,46.83,0.173,80,HOLD
2023-01-06,TSLA,Tesla Inc.,Consumer Discretionary,259.18,268.16,257.76,267.74,263.73,9292645,3.481,780,72.3,0.0,0.74,58.99,0.573,62,HOLD
2023-01-06,XOM,Exxon Mobil Corp.,Energy,106.52,106.6,105.4,106.4,104.81,3133414,-0.09,440,12.2,3.65,0.96,35.98,0.625,58,BUY
2023-01-09,AAPL,Apple Inc.,Technology,169.16,173.19,166.17,172.87,170.28,5351348,1.521,2800,29.5,0.55,1.13,62.34,0.585,78,HOLD
2023-01-09,AMZN,Amazon.com Inc.,Consumer Discretionary,138.86,141.39,137.17,141.37,139.25,8951072,1.76,1850,42.0,0.0,0.7,57.37,0.413,65,HOLD
2023-01-09,BAC,Bank of America Corp.,Financials,31.84,32.0,30.74,30.98,30.51,6203227,-2.029,270,10.4,2.9,0.71,31.05,0.632,69,BUY
2023-01-09,JNJ,Johnson & Johnson,Healthcare,163.94,164.65,162.26,162.44,160.0,4954440,-0.851,410,15.6,3.1,1.18,34.83,0.723,82,BUY
2023-01-09,JPM,JPMorgan Chase & Co.,Financials,161.77,162.12,158.1,160.21,157.81,6821385,-0.812,540,11.8,2.45,0.68,46.44,0.782,71,HOLD
2023-01-09,MSFT,Microsoft Corp.,Technology,336.6,339.73,332.61,337.16,332.11,424510,0.739,2600,33.2,0.72,1.07,32.86,0.718,85,BUY
2023-01-09,NVDA,NVIDIA Corp.,Technology,421.35,433.39,419.58,432.73,426.24,12376999,1.159,2100,65.4,0.08,1.21,47.39,0.496,74,HOLD
2023-01-09,PFE,Pfizer Inc.,Healthcare,29.61,29.9,28.99,29.25,28.81,2240808,-0.994,170,14.1,5.4,0.94,47.55,0.782,80,HOLD
2023-01-09,TSLA,Tesla Inc.,Consumer Discretionary,266.15,272.26,247.1,249.05,245.31,6104275,-6.983,780,72.3,0.0,0.78,49.39,0.628,62,HOLD
2023-01-09,XOM,Exxon Mobil Corp.,Energy,106.22,106.52,105.42,106.05,104.46,4116683,-0.33,440,12.2,3.65,0.86,47.36,0.49,58,HOLD
2023-01-10,AAPL,Apple Inc.,Technology,171.39,172.58,168.98,169.8,167.25,5286626,-1.776,2800,29.5,0.55,1.12,36.17,0.391,78,BUY
2023-01-10,AMZN,Amazon.com Inc.,Consumer Discretionary,141.64,145.28,140.53,144.72,142.55,5341128,2.369,1850,42.0,0.0,0.82,41.82,0.476,65,BUY
2023-01-10,BAC,Bank of America Corp.,Financials,31.07,32.26,30.81,32.05,31.57,4397679,3.463,270,10.4,2.9,0.82,40.5,0.596,69,BUY
2023-01-10,JNJ,Johnson & Johnson,Healthcare,162.76,162.88,161.87,162.5,160.07,877551,0.039,410,15.6,3.1,0.61,52.85,0.889,82,HOLD
2023-01-10,JPM,JPMorgan Chase & Co.,Financials,160.3,161.88,159.87,160.45,158.04,5562744,0.148,540,11.8,2.45,1.23,48.51,0.821,71,HOLD
2023-01-10,MSFT,Microsoft Corp.,Technology,336.65,346.23,334.6,343.82,338.66,3958153,1.972,2600,33.2,0.72,1.1,46.52,0.519,85,HOLD
2023-01-10,NVDA,NVIDIA Corp.,Technology,435.41,440.34,425.56,426.41,420.02,14064895,-1.461,2100,65.4,0.08,1.15,57.16,0.404,74,HOLD
2023-01-10,PFE,Pfizer Inc.,Healthcare,29.19,29.52,29.02,29.09,28.66,2131764,-0.536,170,14.1,5.4,0.84,64.74,0.657,80,HOLD
2023-01-10,TSLA,Tesla Inc.,Consumer Discretionary,245.39,253.92,245.27,250.98,247.22,5764083,0.778,780,72.3,0.0,0.82,27.88,0.807,62,STRONG_BUY
2023-01-10,XOM,Exxon Mobil Corp.,Energy,106.07,106.67,104.67,104.89,103.32,6262542,-1.093,440,12.2,3.65,0.76,19.63,0.367,58,BUY
2023-01-11,AAPL,Apple Inc.,Technology,170.36,171.94,166.39,167.8,165.28,7062738,-1.178,2800,29.5,0.55,1.25,56.64,0.494,78,HOLD
2023-01-11,AMZN,Amazon.com Inc.,Consumer Discretionary,143.67,148.05,141.72,142.11,139.98,3260514,-1.799,1850,42.0,0.0,0.74,60.55,0.819,65,HOLD
2023-01-11,BAC,Bank of America Corp.,Financials,31.89,31.97,31.32,31.65,31.18,2872866,-1.25,270,10.4,2.9,0.81,42.81,0.584,69,BUY
2023-01-11,JNJ,Johnson & Johnson,Healthcare,162.48,163.81,160.65,163.22,160.77,4522947,0.442,410,15.6,3.1,0.92,43.73,0.812,82,BUY
2023-01-11,JPM,JPMorgan Chase & Co.,Financials,159.05,161.68,158.44,161.06,158.65,6692824,0.38,540,11.8,2.45,0.78,28.35,0.411,71,BUY
2023-01-11,MSFT,Microsoft Corp.,Technology,344.46,348.54,340.45,340.95,335.83,3978566,-0.834,2600,33.2,0.72,0.95,53.67,0.654,85,HOLD
2023-01-11,NVDA,NVIDIA Corp.,Technology,425.41,425.68,411.82,412.71,406.52,11168509,-3.213,2100,65.4,0.08,0.9,67.14,0.808,74,HOLD
2023-01-11,PFE,Pfizer Inc.,Healthcare,29.41,29.74,28.08,28.14,27.72,1239075,-3.288,170,14.1,5.4,0.92,31.79,0.602,80,BUY
2023-01-11,TSLA,Tesla Inc.,Consumer Discretionary,251.9,260.92,250.13,258.96,255.08,9022274,3.179,780,72.3,0.0,0.98,50.86,0.483,62,HOLD
2023-01-11,XOM,Exxon Mobil Corp.,Energy,104.74,105.07,103.88,104.16,102.6,1605754,-0.696,440,12.2,3.65,0.66,60.86,0.737,58,HOLD
2023-01-12,AAPL,Apple Inc.,Technology,167.43,169.2,165.98,167.33,164.82,12921783,-0.28,2800,29.5,0.55,1.09,37.47,0.603,78,BUY
2023-01-12,AMZN,Amazon.com Inc.,Consumer Discretionary,141.57,144.18,140.01,143.14,140.99,710431,0.72,1850,42.0,0.0,1.07,64.13,0.316,65,HOLD
2023-01-12,BAC,Bank of America Corp.,Financials,31.87,32.14,31.45,31.57,31.09,4916308,-0.266,270,10.4,2.9,0.71,54.45,0.567,69,HOLD
2023-01-12,JNJ,Johnson & Johnson,Healthcare,162.82,163.45,161.49,161.81,159.38,3613584,-0.867,410,15.6,3.1,0.87,42.6,0.489,82,BUY
2023-01-12,JPM,JPMorgan Chase & Co.,Financials,160.93,162.37,160.01,162.37,159.93,5656518,0.811,540,11.8,2.45,0.77,51.58,0.395,71,HOLD
2023-01-12,MSFT,Microsoft Corp.,Technology,340.88,344.07,332.27,334.58,329.56,776224,-1.869,2600,33.2,0.72,0.76,39.75,0.47,85,BUY
2023-01-12,NVDA,NVIDIA Corp.,Technology,415.2,437.88,401.78,430.5,424.05,13383661,4.312,2100,65.4,0.08,1.36,74.88,0.61,74,SELL
2023-01-12,PFE,Pfizer Inc.,Healthcare,28.28,28.71,27.93,28.7,28.27,4712639,2.012,170,14.1,5.4,0.75,39.95,0.758,80,BUY
2023-01-12,TSLA,Tesla Inc.,Consumer Discretionary,257.58,268.43,255.66,264.59,260.62,7959849,2.173,780,72.3,0.0,0.98,41.63,0.753,62,BUY
2023-01-12,XOM,Exxon Mobil Corp.,Energy,103.17,109.24,103.09,107.27,105.67,6676233,2.99,440,12.2,3.65,0.78,51.54,0.67,58,HOLD
2023-01-13,AAPL,Apple Inc.,Technology,168.72,168.77,166.11,168.48,165.96,830892,0.691,2800,29.5,0.55,1.06,53.22,0.698,78,HOLD
2023-01-13,AMZN,Amazon.com Inc.,Consumer Discretionary,144.11,145.15,137.17,140.04,137.94,8513906,-2.162,1850,42.0,0.0,0.8,45.52,0.622,65,HOLD
2023-01-13,BAC,Bank of America Corp.,Financials,31.56,31.82,31.51,31.69,31.21,4665823,0.377,270,10.4,2.9,0.81,44.46,0.236,69,BUY
2023-01-13,JNJ,Johnson & Johnson,Healthcare,161.78,162.76,159.57,161.16,158.75,2805106,-0.397,410,15.6,3.1,1.12,38.3,0.43,82,BUY
2023-01-13,JPM,JPMorgan Chase & Co.,Financials,162.61,167.17,162.58,166.17,163.68,4025223,2.341,540,11.8,2.45,0.94,32.86,0.635,71,BUY
2023-01-13,MSFT,Microsoft Corp.,Technology,336.25,337.88,326.29,331.13,326.16,4949096,-1.031,2600,33.2,0.72,1.01,82.2,0.462,85,SELL
2023-01-13,NVDA,NVIDIA Corp.,Technology,436.97,442.69,415.39,425.83,419.45,11749524,-1.085,2100,65.4,0.08,0.78,57.15,0.298,74,HOLD
2023-01-13,PFE,Pfizer Inc.,Healthcare,28.97,29.31,28.51,29.3,28.86,4127840,2.068,170,14.1,5.4,1.1,43.17,0.482,80,BUY
2023-01-13,TSLA,Tesla Inc.,Consumer Discretionary,259.0,268.88,258.46,266.54,262.54,13971238,0.735,780,72.3,0.0,1.02,49.15,0.429,62,HOLD
2023-01-13,XOM,Exxon Mobil Corp.,Energy,106.47,107.97,105.74,107.83,106.22,2454738,0.522,440,12.2,3.65,0.98,62.83,0.597,58,HOLD
2023-01-16,AAPL,Apple Inc.,Technology,168.5,172.11,166.23,171.29,168.72,7237595,1.666,2800,29.5,0.55,1.04,49.03,0.684,78,HOLD
2023-01-16,AMZN,Amazon.com Inc.,Consumer Discretionary,140.65,142.17,138.57,141.43,139.31,14833242,0.988,1850,42.0,0.0,0.86,79.18,0.556,65,SELL
2023-01-16,BAC,Bank of America Corp.,Financials,31.66,32.63,31.39,32.36,31.87,3584119,2.123,270,10.4,2.9,0.75,64.77,0.496,69,HOLD
2023-01-16,JNJ,Johnson & Johnson,Healthcare,162.13,162.92,161.16,162.33,159.9,4485376,0.725,410,15.6,3.1,0.84,61.12,0.427,82,HOLD
2023-01-16,JPM,JPMorgan Chase & Co.,Financials,166.08,166.91,163.76,164.47,162.0,6205545,-1.025,540,11.8,2.45,0.75,53.65,0.555,71,HOLD
2023-01-16,MSFT,Microsoft Corp.,Technology,332.4,334.43,331.95,332.73,327.73,2332193,0.482,2600,33.2,0.72,1.36,53.24,0.561,85,HOLD
2023-01-16,NVDA,NVIDIA Corp.,Technology,428.08,446.13,417.14,441.25,434.63,9768498,3.619,2100,65.4,0.08,1.28,68.65,0.432,74,HOLD
2023-01-16,PFE,Pfizer Inc.,Healthcare,29.21,29.29,28.77,29.0,28.56,4413270,-1.027,170,14.1,5.4,0.59,70.74,0.606,80,SELL
2023-01-16,TSLA,Tesla Inc.,Consumer Discretionary,267.14,274.06,263.4,270.01,265.96,9102511,1.305,780,72.3,0.0,0.89,68.94,0.709,62,HOLD
2023-01-16,XOM,Exxon Mobil Corp.,Energy,108.44,110.36,106.43,108.92,107.29,4022112,1.008,440,12.2,3.65,0.92,34.84,0.452,58,BUY
2023-01-17,AAPL,Apple Inc.,Technology,171.59,175.01,170.8,174.18,171.57,10339771,1.688,2800,29.5,0.55,1.05,42.17,0.724,78,BUY
2023-01-17,AMZN,Amazon.com Inc.,Consumer Discretionary,141.81,144.85,135.11,136.61,134.56,7340692,-3.407,1850,42.0,0.0,0.69,53.82,0.422,65,HOLD
2023-01-17,BAC,Bank of America Corp.,Financials,32.49,32.78,32.06,32.18,31.7,1617336,-0.55,270,10.4,2.9,1.1,47.39,0.449,69,HOLD
2023-01-17,JNJ,Johnson & Johnson,Healthcare,163.16,163.26,159.87,160.13,157.73,5166420,-1.356,410,15.6,3.1,0.44,64.1,0.437,82,HOLD
2023-01-17,JPM,JPMorgan Chase & Co.,Financials,164.07,164.9,163.27,164.35,161.88,3275230,-0.071,540,11.8,2.45,0.64,82.38,0.534,71,SELL
2023-01-17,MSFT,Microsoft Corp.,Technology,333.02,336.61,328.34,330.91,325.95,5680579,-0.545,2600,33.2,0.72,1.18,37.34,0.432,85,BUY
2023-01-17,NVDA,NVIDIA Corp.,Technology,441.26,476.73,431.79,469.13,462.1,7401305,6.32,2100,65.4,0.08,1.35,69.23,0.463,74,HOLD
2023-01-17,PFE,Pfizer Inc.,Healthcare,28.93,28.95,28.65,28.72,28.29,2616987,-0.942,170,14.1,5.4,0.59,53.2,0.68,80,HOLD
2023-01-17,TSLA,Tesla Inc.,Consumer Discretionary,274.18,281.07,272.69,274.81,270.69,14549549,1.777,780,72.3,0.0,1.12,65.03,0.421,62,HOLD
2023-01-17,XOM,Exxon Mobil Corp.,Energy,110.27,110.69,107.02,107.95,106.33,3473700,-0.894,440,12.2,3.65,0.76,63.08,0.597,58,HOLD
2023-01-18,AAPL,Apple Inc.,Technology,173.91,182.5,173.37,178.24,175.57,8615692,2.333,2800,29.5,0.55,1.08,58.34,0.498,78,HOLD
2023-01-18,AMZN,Amazon.com Inc.,Consumer Discretionary,137.54,140.15,132.39,133.12,131.12,13119515,-2.556,1850,42.0,0.0,1.13,28.81,0.77,65,STRONG_BUY
2023-01-18,BAC,Bank of America Corp.,Financials,32.1,32.28,31.12,32.11,31.62,5591058,-0.23,270,10.4,2.9,0.9,57.71,0.386,69,HOLD
2023-01-18,JNJ,Johnson & Johnson,Healthcare,159.22,159.5,159.14,159.41,157.02,3300540,-0.452,410,15.6,3.1,1.04,70.41,0.594,82,SELL
2023-01-18,JPM,JPMorgan Chase & Co.,Financials,163.57,163.89,160.65,161.57,159.15,4304383,-1.689,540,11.8,2.45,1.0,55.93,0.491,71,HOLD
2023-01-18,MSFT,Microsoft Corp.,Technology,329.79,334.62,327.47,332.54,327.55,4849983,0.492,2600,33.2,0.72,1.02,34.46,0.786,85,BUY
2023-01-18,NVDA,NVIDIA Corp.,Technology,477.33,484.61,459.84,463.35,456.4,11830776,-1.233,2100,65.4,0.08,1.17,63.85,0.79,74,HOLD
2023-01-18,PFE,Pfizer Inc.,Healthcare,28.63,28.82,28.51,28.51,28.08,2882044,-0.744,170,14.1,5.4,0.81,58.43,0.59,80,HOLD
2023-01-18,TSLA,Tesla Inc.,Consumer Discretionary,276.68,282.89,269.1,270.11,266.06,4829277,-1.71,780,72.3,0.0,0.54,47.02,0.652,62,HOLD
2023-01-18,XOM,Exxon Mobil Corp.,Energy,107.52,111.84,106.86,111.48,109.8,4028173,3.268,440,12.2,3.65,0.97,36.28,0.284,58,BUY
2023-01-19,AAPL,Apple Inc.,Technology,178.41,184.8,178.29,184.37,181.6,3284300,3.435,2800,29.5,0.55,1.47,52.84,0.545,78,HOLD
2023-01-19,AMZN,Amazon.com Inc.,Consumer Discretionary,133.04,136.52,130.79,136.33,134.28,9003237,2.412,1850,42.0,0.0,0.69,45.51,0.37,65,HOLD
2023-01-19,BAC,Bank of America Corp.,Financials,32.25,32.7,31.58,31.82,31.35,1470142,-0.877,270,10.4,2.9,0.87,51.35,0.501,69,HOLD
2023-01-19,JNJ,Johnson & Johnson,Healthcare,159.82,161.14,159.03,161.11,158.7,3085869,1.07,410,15.6,3.1,0.89,47.59,0.451,82,HOLD
2023-01-19,JPM,JPMorgan Chase & Co.,Financials,160.61,164.91,157.42,163.59,161.13,2866866,1.247,540,11.8,2.45,0.82,59.24,0.722,71,HOLD
2023-01-19,MSFT,Microsoft Corp.,Technology,333.43,340.98,327.66,339.74,334.65,3099074,2.165,2600,33.2,0.72,1.14,52.8,0.717,85,HOLD
2023-01-19,NVDA,NVIDIA Corp.,Technology,465.83,484.69,461.98,464.18,457.22,10844626,0.179,2100,65.4,0.08,1.07,57.41,0.343,74,HOLD
2023-01-19,PFE,Pfizer Inc.,Healthcare,28.51,29.39,28.31,29.04,28.6,3009584,1.854,170,14.1,5.4,0.72,56.58,0.948,80,HOLD
2023-01-19,TSLA,Tesla Inc.,Consumer Discretionary,268.27,278.58,267.2,273.03,268.94,7242971,1.08,780,72.3,0.0,0.9,79.49,0.591,62,SELL
2023-01-19,XOM,Exxon Mobil Corp.,Energy,110.71,112.05,107.11,109.77,108.13,3436765,-1.527,440,12.2,3.65,0.78,40.36,0.011,58,BUY
2023-01-20,AAPL,Apple Inc.,Technology,184.11,186.99,183.41,186.03,183.24,11189373,0.9,2800,29.5,0.55,0.93,62.74,0.549,78,HOLD
2023-01-20,AMZN,Amazon.com Inc.,Consumer Discretionary,135.81,138.14,134.86,137.4,135.34,19530912,0.788,1850,42.0,0.0,0.73,62.01,0.659,65,HOLD
2023-01-20,BAC,Bank of America Corp.,Financials,31.83,31.9,31.38,31.46,30.99,606189,-1.133,270,10.4,2.9,0.97,61.0,0.317,69,HOLD
2023-01-20,JNJ,Johnson & Johnson,Healthcare,161.22,161.87,157.41,158.96,156.58,2443510,-1.335,410,15.6,3.1,0.88,62.84,0.376,82,HOLD
2023-01-20,JPM,JPMorgan Chase & Co.,Financials,163.57,166.73,161.04,165.65,163.17,2921463,1.263,540,11.8,2.45,1.02,54.7,0.329,71,HOLD
2023-01-20,MSFT,Microsoft Corp.,Technology,340.71,346.28,339.73,343.93,338.77,4779549,1.233,2600,33.2,0.72,0.91,43.67,0.512,85,BUY
2023-01-20,NVDA,NVIDIA Corp.,Technology,469.14,475.2,437.49,438.54,431.96,13260499,-5.525,2100,65.4,0.08,1.22,56.65,0.597,74,HOLD
2023-01-20,PFE,Pfizer Inc.,Healthcare,29.05,29.22,28.83,28.84,28.41,6301735,-0.686,170,14.1,5.4,0.95,61.49,0.307,80,HOLD
2023-01-20,TSLA,Tesla Inc.,Consumer Discretionary,272.42,287.61,268.58,284.78,280.51,16157258,4.303,780,72.3,0.0,0.82,61.15,0.469,62,HOLD
2023-01-20,XOM,Exxon Mobil Corp.,Energy,108.95,111.14,108.46,110.56,108.9,4410642,0.713,440,12.2,3.65,0.83,55.32,0.467,58,HOLD
2023-01-23,AAPL,Apple Inc.,Technology,185.11,191.13,182.78,188.75,185.92,12053999,1.464,2800,29.5,0.55,1.02,38.13,0.944,78,BUY
2023-01-23,AMZN,Amazon.com Inc.,Consumer Discretionary,137.95,140.28,137.48,138.14,136.07,7989296,0.536,1850,42.0,0.0,0.82,59.13,0.707,65,HOLD
2023-01-23,BAC,Bank of America Corp.,Financials,31.28,31.57,30.79,30.81,30.35,4604284,-2.072,270,10.4,2.9,0.51,88.01,0.683,69,SELL
2023-01-23,JNJ,Johnson & Johnson,Healthcare,158.4,160.81,157.41,159.94,157.54,2418210,0.613,410,15.6,3.1,0.83,68.68,0.402,82,HOLD
2023-01-23,JPM,JPMorgan Chase & Co.,Financials,165.93,166.78,165.27,165.48,163.0,4644380,-0.106,540,11.8,2.45,0.88,37.72,0.585,71,BUY
2023-01-23,MSFT,Microsoft Corp.,Technology,342.11,356.01,341.35,355.38,350.05,4430369,3.33,2600,33.2,0.72,1.01,64.05,0.697,85,HOLD
2023-01-23,NVDA,NVIDIA Corp.,Technology,435.15,453.96,430.75,447.55,440.83,10886078,2.054,2100,65.4,0.08,1.17,51.53,0.698,74,HOLD
2023-01-23,PFE,Pfizer Inc.,Healthcare,28.97,29.04,28.62,28.71,28.28,3841012,-0.429,170,14.1,5.4,1.05,46.72,0.54,80,HOLD
2023-01-23,TSLA,Tesla Inc.,Consumer Discretionary,281.9,304.25,275.59,300.41,295.91,14915106,5.489,780,72.3,0.0,0.59,65.29,0.594,62,HOLD
2023-01-23,XOM,Exxon Mobil Corp.,Energy,109.93,110.79,108.03,108.07,106.45,4109040,-2.245,440,12.2,3.65,0.44,57.39,0.828,58,HOLD
2023-01-24,AAPL,Apple Inc.,Technology,189.64,194.64,189.02,194.62,191.7,12271803,3.112,2800,29.5,0.55,0.96,59.51,0.33,78,HOLD
2023-01-24,AMZN,Amazon.com Inc.,Consumer Discretionary,137.61,138.95,136.59,138.02,135.95,10229261,-0.087,1850,42.0,0.0,0.72,54.71,0.699,65,HOLD
2023-01-24,BAC,Bank of America Corp.,Financials,30.9,31.07,30.27,30.55,30.09,4961279,-0.851,270,10.4,2.9,0.72,52.35,0.523,69,HOLD
2023-01-24,JNJ,Johnson & Johnson,Healthcare,159.8,160.87,155.88,157.96,155.59,3935514,-1.236,410,15.6,3.1,1.01,61.59,0.479,82,HOLD
2023-01-24,JPM,JPMorgan Chase & Co.,Financials,166.47,166.85,163.42,164.38,161.92,4350413,-0.662,540,11.8,2.45,0.73,46.45,0.696,71,HOLD
2023-01-24,MSFT,Microsoft Corp.,Technology,354.0,363.79,353.6,360.29,354.89,5244038,1.38,2600,33.2,0.72,1.18,37.46,0.682,85,BUY
2023-01-24,NVDA,NVIDIA Corp.,Technology,445.46,447.91,442.92,445.11,438.44,7668005,-0.544,2100,65.4,0.08,0.99,42.77,0.518,74,BUY
2023-01-24,PFE,Pfizer Inc.,Healthcare,28.69,28.9,28.42,28.86,28.43,3275518,0.507,170,14.1,5.4,0.82,62.57,0.971,80,HOLD
2023-01-24,TSLA,Tesla Inc.,Consumer Discretionary,308.73,309.47,280.91,282.1,277.87,7884986,-6.094,780,72.3,0.0,0.8,44.6,0.268,62,BUY
2023-01-24,XOM,Exxon Mobil Corp.,Energy,108.1,109.1,107.71,108.9,107.27,2875548,0.765,440,12.2,3.65,0.78,68.22,0.402,58,HOLD
2023-01-25,AAPL,Apple Inc.,Technology,194.29,195.71,189.83,191.96,189.08,10796109,-1.37,2800,29.5,0.55,1.13,29.5,0.785,78,STRONG_BUY
2023-01-25,AMZN,Amazon.com Inc.,Consumer Discretionary,137.87,138.67,136.73,138.17,136.1,12132335,0.108,1850,42.0,0.0,0.92,56.55,0.49,65,HOLD
2023-01-25,BAC,Bank of America Corp.,Financials,30.31,31.62,29.75,31.26,30.79,3020819,2.337,270,10.4,2.9,0.87,53.44,0.579,69,HOLD
2023-01-25,JNJ,Johnson & Johnson,Healthcare,158.11,162.25,157.71,160.51,158.11,5467759,1.618,410,15.6,3.1,0.98,76.42,0.535,82,SELL
2023-01-25,JPM,JPMorgan Chase & Co.,Financials,164.59,166.26,163.37,164.88,162.41,4800808,0.305,540,11.8,2.45,0.83,30.47,0.423,71,BUY
2023-01-25,MSFT,Microsoft Corp.,Technology,359.16,364.27,357.48,362.74,357.3,5733596,0.68,2600,33.2,0.72,1.36,56.32,0.554,85,HOLD
2023-01-25,NVDA,NVIDIA Corp.,Technology,443.89,445.71,436.6,438.29,431.72,9783825,-1.532,2100,65.4,0.08,1.0,64.24,0.636,74,HOLD
2023-01-25,PFE,Pfizer Inc.,Healthcare,28.74,29.41,28.06,28.09,27.67,2401281,-2.678,170,14.1,5.4,0.86,29.25,0.561,80,STRONG_BUY
2023-01-25,TSLA,Tesla Inc.,Consumer Discretionary,282.68,297.0,278.35,294.04,289.63,7086331,4.23,780,72.3,0.0,0.97,49.49,0.567,62,HOLD
2023-01-25,XOM,Exxon Mobil Corp.,Energy,108.02,109.73,105.73,109.36,107.72,2138897,0.427,440,12.2,3.65,0.8,16.67,0.499,58,BUY
2023-01-26,AAPL,Apple Inc.,Technology,193.19,195.45,185.6,187.06,184.25,12161742,-2.552,2800,29.5,0.55,1.23,55.17,0.769,78,HOLD
2023-01-26,AMZN,Amazon.com Inc.,Consumer Discretionary,137.22,140.28,136.35,138.49,136.41,11033984,0.232,1850,42.0,0.0,0.82,52.64,0.583,65,HOLD
2023-01-26,BAC,Bank of America Corp.,Financials,31.03,31.98,30.96,31.86,31.38,3119320,1.897,270,10.4,2.9,0.73,52.87,0.585,69,HOLD
2023-01-26,JNJ,Johnson & Johnson,Healthcare,161.39,162.65,158.64,158.7,156.32,2065521,-1.13,410,15.6,3.1,0.74,55.56,0.269,82,HOLD
2023-01-26,JPM,JPMorgan Chase & Co.,Financials,164.71,166.09,164.59,164.74,162.26,3593947,-0.09,540,11.8,2.45,1.07,46.3,0.485,71,HOLD
2023-01-26,MSFT,Microsoft Corp.,Technology,362.87,368.13,350.11,351.86,346.58,4460113,-2.999,2600,33.2,0.72,1.17,43.29,0.712,85,BUY
2023-01-26,NVDA,NVIDIA Corp.,Technology,435.09,437.75,420.3,424.23,417.87,14792391,-3.208,2100,65.4,0.08,1.15,46.69,0.345,74,HOLD
2023-01-26,PFE,Pfizer Inc.,Healthcare,27.95,29.11,27.7,28.91,28.48,726200,2.928,170,14.1,5.4,0.65,72.78,0.439,80,SELL
2023-01-26,TSLA,Tesla Inc.,Consumer Discretionary,287.76,293.79,280.28,289.99,285.64,11707003,-1.378,780,72.3,0.0,0.57,47.79,0.629,62,HOLD
2023-01-26,XOM,Exxon Mobil Corp.,Energy,109.6,110.79,108.21,108.33,106.7,4058547,-0.95,440,12.2,3.65,0.87,67.76,0.425,58,HOLD
2023-01-27,AAPL,Apple Inc.,Technology,186.34,191.28,185.54,188.12,185.3,5830437,0.568,2800,29.5,0.55,1.22,38.35,0.668,78,BUY
2023-01-27,AMZN,Amazon.com Inc.,Consumer Discretionary,138.62,140.31,136.17,138.45,136.38,8869234,-0.024,1850,42.0,0.0,0.91,65.65,0.79,65,HOLD
2023-01-27,BAC,Bank of America Corp.,Financials,31.79,31.94,31.2,31.23,30.76,2807844,-1.979,270,10.4,2.9,1.02,30.56,0.551,69,BUY
2023-01-27,JNJ,Johnson & Johnson,Healthcare,158.24,161.83,157.65,161.7,159.27,4860922,1.89,410,15.6,3.1,0.9,63.36,0.642,82,HOLD
2023-01-27,JPM,JPMorgan Chase & Co.,Financials,164.58,168.84,164.49,167.83,165.31,5595377,1.876,540,11.8,2.45,1.06,36.62,0.48,71,BUY
2023-01-27,MSFT,Microsoft Corp.,Technology,350.42,352.45,348.77,350.82,345.56,6337866,-0.294,2600,33.2,0.72,1.17,35.26,0.621,85,BUY
2023-01-27,NVDA,NVIDIA Corp.,Technology,420.78,427.87,408.76,423.98,417.62,8741296,-0.061,2100,65.4,0.08,1.5,54.57,0.604,74,HOLD
2023-01-27,PFE,Pfizer Inc.,Healthcare,28.89,29.2,28.63,28.83,28.4,5334446,-0.264,170,14.1,5.4,0.74,43.19,0.692,80,BUY
2023-01-27,TSLA,Tesla Inc.,Consumer Discretionary,286.42,305.44,274.73,297.65,293.18,11824255,2.642,780,72.3,0.0,0.94,44.18,0.175,62,BUY
2023-01-27,XOM,Exxon Mobil Corp.,Energy,107.43,107.84,106.33,107.29,105.68,4631886,-0.953,440,12.2,3.65,0.98,50.98,0.337,58,HOLD
2023-01-30,AAPL,Apple Inc.,Technology,189.41,191.53,187.81,190.8,187.94,6963256,1.426,2800,29.5,0.55,0.98,32.82,0.576,78,BUY
2023-01-30,AMZN,Amazon.com Inc.,Consumer Discretionary,138.01,138.46,136.12,136.79,134.73,11861290,-1.205,1850,42.0,0.0,0.71,75.0,0.23,65,SELL
2023-01-30,BAC,Bank of America Corp.,Financials,31.18,31.34,30.36,30.53,30.07,5229455,-2.228,270,10.4,2.9,0.69,43.12,0.411,69,BUY
2023-01-30,JNJ,Johnson & Johnson,Healthcare,161.74,163.34,160.92,163.23,160.78,3001135,0.947,410,15.6,3.1,0.73,30.83,0.279,82,BUY
2023-01-30,JPM,JPMorgan Chase & Co.,Financials,166.97,168.16,164.86,165.75,163.27,4909110,-1.236,540,11.8,2.45,0.76,49.74,0.696,71,HOLD
2023-01-30,MSFT,Microsoft Corp.,Technology,353.27,357.37,349.41,352.53,347.24,3364134,0.485,2600,33.2,0.72,0.79,40.56,0.402,85,BUY
2023-01-30,NVDA,NVIDIA Corp.,Technology,427.16,432.94,404.64,404.79,398.72,3399815,-4.524,2100,65.4,0.08,0.75,35.4,0.479,74,BUY
2023-01-30,PFE,Pfizer Inc.,Healthcare,28.72,28.91,28.51,28.62,28.19,4858860,-0.757,170,14.1,5.4,0.86,55.15,0.437,80,HOLD
2023-01-30,TSLA,Tesla Inc.,Consumer Discretionary,296.29,297.99,282.7,283.73,279.47,7418981,-4.675,780,72.3,0.0,0.6,68.49,0.554,62,HOLD
2023-01-30,XOM,Exxon Mobil Corp.,Energy,106.84,108.44,100.92,102.87,101.33,1807557,-4.122,440,12.2,3.65,0.77,59.2,1.0,58,HOLD
2023-01-31,AAPL,Apple Inc.,Technology,191.15,191.63,189.2,190.61,187.76,10045506,-0.099,2800,29.5,0.55,1.51,48.29,0.812,78,HOLD
2023-01-31,AMZN,Amazon.com Inc.,Consumer Discretionary,135.82,138.73,134.32,136.83,134.78,7468910,0.035,1850,42.0,0.0,1.11,40.86,0.616,65,BUY
2023-01-31,BAC,Bank of America Corp.,Financials,30.35,30.36,29.94,30.25,29.79,5296365,-0.93,270,10.4,2.9,0.95,49.51,0.534,69,HOLD
2023-01-31,JNJ,Johnson & Johnson,Healthcare,163.51,163.96,161.42,161.58,159.16,5251925,-1.01,410,15.6,3.1,0.9,48.3,0.412,82,HOLD
2023-01-31,JPM,JPMorgan Chase & Co.,Financials,166.37,169.03,166.09,168.95,166.42,3588060,1.932,540,11.8,2.45,0.88,49.2,0.794,71,HOLD
2023-01-31,MSFT,Microsoft Corp.,Technology,354.1,358.12,348.95,353.93,348.62,1864081,0.399,2600,33.2,0.72,1.48,44.27,0.777,85,BUY
2023-01-31,NVDA,NVIDIA Corp.,Technology,407.96,432.0,405.55,428.69,422.26,11378290,5.904,2100,65.4,0.08,1.23,48.1,0.203,74,HOLD
2023-01-31,PFE,Pfizer Inc.,Healthcare,28.49,28.73,28.46,28.71,28.28,1895734,0.315,170,14.1,5.4,0.86,39.66,0.729,80,BUY
2023-01-31,TSLA,Tesla Inc.,Consumer Discretionary,277.51,278.8,260.67,268.41,264.39,10161740,-5.399,780,72.3,0.0,0.88,72.92,0.685,62,SELL
2023-01-31,XOM,Exxon Mobil Corp.,Energy,103.37,103.39,101.14,101.65,100.12,4865770,-1.188,440,12.2,3.65,0.88,60.93,0.419,58,HOLD
2023-02-01,AAPL,Apple Inc.,Technology,191.62,191.69,187.16,187.39,184.58,9565536,-1.693,2800,29.5,0.55,1.22,45.67,0.683,78,HOLD
2023-02-01,AMZN,Amazon.com Inc.,Consumer Discretionary,137.47,143.26,136.21,139.22,137.13,5495568,1.743,1850,42.0,0.0,0.9,56.73,0.631,65,HOLD
2023-02-01,BAC,Bank of America Corp.,Financials,30.18,30.52,29.31,29.51,29.07,4586002,-2.436,270,10.4,2.9,0.77,15.54,0.615,69,STRONG_BUY
2023-02-01,JNJ,Johnson & Johnson,Healthcare,161.54,163.62,160.11,163.55,161.1,5271510,1.218,410,15.6,3.1,0.85,51.97,0.63,82,HOLD
2023-02-01,JPM,JPMorgan Chase & Co.,Financials,168.18,168.87,165.76,167.42,164.91,2482105,-0.907,540,11.8,2.45,0.96,40.23,0.931,71,BUY
2023-02-01,MSFT,Microsoft Corp.,Technology,352.76,360.07,347.44,354.79,349.47,6283300,0.242,2600,33.2,0.72,1.22,43.25,0.722,85,BUY
2023-02-01,NVDA,NVIDIA Corp.,Technology,428.39,476.28,418.32,452.22,445.44,8514429,5.489,2100,65.4,0.08,1.26,48.18,0.736,74,HOLD
2023-02-01,PFE,Pfizer Inc.,Healthcare,28.76,29.63,28.64,29.5,29.05,4127107,2.755,170,14.1,5.4,0.79,64.08,0.241,80,HOLD
2023-02-01,TSLA,Tesla Inc.,Consumer Discretionary,268.35,278.4,266.05,273.68,269.57,8928840,1.961,780,72.3,0.0,1.0,41.26,0.482,62,BUY
2023-02-01,XOM,Exxon Mobil Corp.,Energy,101.34,104.0,100.22,102.65,101.11,4376624,0.986,440,12.2,3.65,0.77,82.59,0.768,58,SELL
2023-02-02,AAPL,Apple Inc.,Technology,188.25,188.62,183.87,185.96,183.17,10606133,-0.764,2800,29.5,0.55,1.12,39.63,0.619,78,BUY
2023-02-02,AMZN,Amazon.com Inc.,Consumer Discretionary,138.86,143.94,138.54,141.47,139.34,12182340,1.614,1850,42.0,0.0,0.79,35.23,0.875,65,BUY
2023-02-02,BAC,Bank of America Corp.,Financials,29.41,29.63,29.09,29.22,28.78,5057932,-0.983,270,10.4,2.9,1.12,33.1,0.51,69,BUY
2023-02-02,JNJ,Johnson & Johnson,Healthcare,164.45,166.37,163.78,164.15,161.69,6989821,0.367,410,15.6,3.1,0.76,75.11,0.601,82,SELL
2023-02-02,JPM,JPMorgan Chase & Co.,Financials,166.09,167.45,164.88,166.92,164.42,3149295,-0.3,540,11.8,2.45,0.88,65.41,0.525,71,HOLD
2023-02-02,MSFT,Microsoft Corp.,Technology,354.79,355.27,349.02,350.29,345.03,4974942,-1.269,2600,33.2,0.72,1.32,53.24,0.722,85,HOLD
2023-02-02,NVDA,NVIDIA Corp.,Technology,451.03,476.87,448.87,475.02,467.9,16664478,5.041,2100,65.4,0.08,1.08,83.06,0.843,74,SELL
2023-02-02,PFE,Pfizer Inc.,Healthcare,29.67,29.83,29.41,29.67,29.22,3259517,0.579,170,14.1,5.4,0.89,31.58,0.69,80,BUY
2023-02-02,TSLA,Tesla Inc.,Consumer Discretionary,269.06,280.98,263.4,269.26,265.22,4503859,-1.613,780,72.3,0.0,0.77,44.75,0.611,62,BUY
2023-02-02,XOM,Exxon Mobil Corp.,Energy,101.96,103.65,101.89,103.53,101.98,5827815,0.859,440,12.2,3.65,0.5,48.33,0.422,58,HOLD
2023-02-03,AAPL,Apple Inc.,Technology,186.01,191.06,184.22,189.57,186.73,6643471,1.943,2800,29.5,0.55,1.01,64.67,0.799,78,HOLD
2023-02-03,AMZN,Amazon.com Inc.,Consumer Discretionary,141.3,142.69,138.84,138.89,136.81,8741054,-1.818,1850,42.0,0.0,1.0,44.91,0.458,65,BUY
2023-02-03,BAC,Bank of America Corp.,Financials,29.39,30.25,29.27,30.22,29.77,5873238,3.439,270,10.4,2.9,1.01,32.25,0.731,69,BUY
2023-02-03,JNJ,Johnson & Johnson,Healthcare,163.5,165.43,162.76,163.91,161.45,5021036,-0.144,410,15.6,3.1,1.0,48.99,0.316,82,HOLD
2023-02-03,JPM,JPMorgan Chase & Co.,Financials,167.62,172.95,166.82,170.92,168.36,4190592,2.398,540,11.8,2.45,0.86,48.05,0.078,71,HOLD
2023-02-03,MSFT,Microsoft Corp.,Technology,348.8,351.15,347.63,348.01,342.79,4672083,-0.651,2600,33.2,0.72,1.19,54.66,0.304,85,HOLD
2023-02-03,NVDA,NVIDIA Corp.,Technology,478.96,485.8,440.49,443.34,436.69,5479660,-6.669,2100,65.4,0.08,0.99,39.28,0.602,74,BUY
2023-02-03,PFE,Pfizer Inc.,Healthcare,29.55,29.69,29.14,29.17,28.73,4043997,-1.674,170,14.1,5.4,0.85,67.13,0.519,80,HOLD
2023-02-03,TSLA,Tesla Inc.,Consumer Discretionary,269.24,271.06,260.24,265.41,261.43,6233976,-1.43,780,72.3,0.0,0.54,73.49,0.681,62,SELL
2023-02-03,XOM,Exxon Mobil Corp.,Energy,104.33,106.0,98.78,101.03,99.51,5212206,-2.417,440,12.2,3.65,0.94,56.56,0.742,58,HOLD
2023-02-06,AAPL,Apple Inc.,Technology,193.51,194.51,189.45,191.4,188.53,13339006,0.967,2800,29.5,0.55,1.21,47.59,0.667,78,HOLD
2023-02-06,AMZN,Amazon.com Inc.,Consumer Discretionary,139.25,144.42,138.86,144.25,142.08,11022520,3.855,1850,42.0,0.0,0.87,56.09,0.6,65,HOLD
2023-02-06,BAC,Bank of America Corp.,Financials,30.19,30.2,29.54,29.7,29.26,5526256,-1.722,270,10.4,2.9,0.85,24.46,0.415,69,BUY
2023-02-06,JNJ,Johnson & Johnson,Healthcare,163.92,166.2,163.68,166.15,163.65,4958230,1.362,410,15.6,3.1,0.68,65.67,0.474,82,HOLD
2023-02-06,JPM,JPMorgan Chase & Co.,Financials,171.16,172.23,170.85,170.86,168.29,4866440,-0.038,540,11.8,2.45,0.9,57.34,0.845,71,HOLD
2023-02-06,MSFT,Microsoft Corp.,Technology,348.98,355.59,346.3,354.95,349.62,3478910,1.994,2600,33.2,0.72,1.33,78.38,0.746,85,SELL
2023-02-06,NVDA,NVIDIA Corp.,Technology,446.89,454.79,434.2,435.74,429.2,14262857,-1.714,2100,65.4,0.08,1.07,41.95,0.458,74,BUY
2023-02-06,PFE,Pfizer Inc.,Healthcare,29.32,29.78,29.29,29.69,29.24,645484,1.77,170,14.1,5.4,0.57,45.27,0.428,80,HOLD
2023-02-06,TSLA,Tesla Inc.,Consumer Discretionary,264.22,272.65,256.83,257.18,253.33,9363932,-3.1,780,72.3,0.0,0.83,25.48,0.381,62,BUY
2023-02-06,XOM,Exxon Mobil Corp.,Energy,100.76,104.08,99.7,103.02,101.48,5515551,1.973,440,12.2,3.65,0.89,49.64,0.431,58,HOLD
2023-02-07,AAPL,Apple Inc.,Technology,190.52,192.12,189.6,192.05,189.17,3740262,0.337,2800,29.5,0.55,1.11,46.2,0.614,78,HOLD
2023-02-07,AMZN,Amazon.com Inc.,Consumer Discretionary,145.06,145.4,140.67,142.83,140.69,13627347,-0.982,1850,42.0,0.0,0.78,48.25,0.527,65,HOLD
2023-02-07,BAC,Bank of America Corp.,Financials,29.83,29.93,29.68,29.91,29.46,3254958,0.702,270,10.4,2.9,0.81,57.78,0.619,69,HOLD
2023-02-07,JNJ,Johnson & Johnson,Healthcare,165.76,166.25,162.75,163.25,160.8,7149212,-1.743,410,15.6,3.1,0.91,68.35,0.387,82,HOLD
2023-02-07,JPM,JPMorgan Chase & Co.,Financials,170.49,171.4,165.25,165.29,162.81,921830,-3.26,540,11.8,2.45,0.9,48.5,0.788,71,HOLD
2023-02-07,MSFT,Microsoft Corp.,Technology,352.95,354.44,344.93,347.08,341.87,1345649,-2.217,2600,33.2,0.72,1.07,66.46,0.581,85,HOLD
2023-02-07,NVDA,NVIDIA Corp.,Technology,437.7,445.19,430.85,441.51,434.89,7611631,1.325,2100,65.4,0.08,1.18,46.95,0.428,74,HOLD
2023-02-07,PFE,Pfizer Inc.,Healthcare,29.68,30.38,29.6,29.86,29.41,3371215,0.575,170,14.1,5.4,0.63,25.02,0.741,80,STRONG_BUY
2023-02-07,TSLA,Tesla Inc.,Consumer Discretionary,263.72,264.11,235.23,247.46,243.75,14391606,-3.781,780,72.3,0.0,0.94,58.4,0.775,62,HOLD
2023-02-07,XOM,Exxon Mobil Corp.,Energy,102.95,104.46,98.9,100.02,98.52,4245216,-2.912,440,12.2,3.65,0.93,40.09,0.421,58,BUY
2023-02-08,AAPL,Apple Inc.,Technology,193.18,193.29,188.65,190.49,187.64,7496437,-0.809,2800,29.5,0.55,1.13,41.77,0.672,78,BUY
2023-02-08,AMZN,Amazon.com Inc.,Consumer Discretionary,142.23,144.65,139.79,142.0,139.87,10400666,-0.58,1850,42.0,0.0,0.83,63.58,0.53,65,HOLD
2023-02-08,BAC,Bank of America Corp.,Financials,30.16,30.21,29.83,29.84,29.39,3324761,-0.249,270,10.4,2.9,0.92,79.44,0.748,69,SELL
2023-02-08,JNJ,Johnson & Johnson,Healthcare,162.76,164.87,160.12,161.61,159.19,2790428,-1.004,410,15.6,3.1,0.95,39.26,0.527,82,BUY
2023-02-08,JPM,JPMorgan Chase & Co.,Financials,165.34,165.36,163.3,163.85,161.39,3623895,-0.87,540,11.8,2.45,0.97,45.94,0.219,71,HOLD
2023-02-08,MSFT,Microsoft Corp.,Technology,346.19,353.34,338.23,350.07,344.82,3961479,0.862,2600,33.2,0.72,1.03,75.26,0.869,85,SELL
2023-02-08,NVDA,NVIDIA Corp.,Technology,446.72,453.83,443.45,449.25,442.51,2695405,1.751,2100,65.4,0.08,0.96,51.57,0.445,74,HOLD
2023-02-08,PFE,Pfizer Inc.,Healthcare,29.84,30.06,29.4,29.47,29.03,3674817,-1.293,170,14.1,5.4,0.67,67.96,0.552,80,HOLD
2023-02-08,TSLA,Tesla Inc.,Consumer Discretionary,250.09,277.23,242.59,262.19,258.26,12781654,5.954,780,72.3,0.0,1.09,69.32,0.911,62,HOLD
2023-02-08,XOM,Exxon Mobil Corp.,Energy,99.83,101.2,98.43,100.72,99.21,4986705,0.699,440,12.2,3.65,0.62,56.12,0.696,58,HOLD
2023-02-09,AAPL,Apple Inc.,Technology,192.39,201.2,190.95,198.76,195.78,10053001,4.34,2800,29.5,0.55,1.01,66.67,0.63,78,HOLD
2023-02-09,AMZN,Amazon.com Inc.,Consumer Discretionary,141.6,141.61,139.67,139.9,137.8,9158722,-1.484,1850,42.0,0.0,0.94,29.8,0.393,65,BUY
2023-02-09,BAC,Bank of America Corp.,Financials,29.93,30.06,29.84,29.87,29.42,2076555,0.11,270,10.4,2.9,0.67,71.7,0.724,69,SELL
2023-02-09,JNJ,Johnson & Johnson,Healthcare,161.37,162.98,158.1,159.14,156.76,6369261,-1.527,410,15.6,3.1,0.79,45.43,0.131,82,HOLD
2023-02-09,JPM,JPMorgan Chase & Co.,Financials,163.35,163.53,161.29,163.01,160.57,3163689,-0.51,540,11.8,2.45,0.82,58.44,0.462,71,HOLD
2023-02-09,MSFT,Microsoft Corp.,Technology,348.22,353.31,346.62,352.19,346.91,4494876,0.608,2600,33.2,0.72,0.97,38.33,0.572,85,BUY
2023-02-09,NVDA,NVIDIA Corp.,Technology,446.09,446.58,433.73,439.99,433.39,15568567,-2.06,2100,65.4,0.08,0.92,51.37,0.513,74,HOLD
2023-02-09,PFE,Pfizer Inc.,Healthcare,29.45,29.5,29.26,29.3,28.86,4655412,-0.597,170,14.1,5.4,0.82,55.91,0.596,80,HOLD
2023-02-09,TSLA,Tesla Inc.,Consumer Discretionary,268.8,271.5,255.75,265.34,261.36,17212411,1.201,780,72.3,0.0,0.89,51.0,0.795,62,HOLD
2023-02-09,XOM,Exxon Mobil Corp.,Energy,100.71,100.84,98.8,99.43,97.94,4335366,-1.288,440,12.2,3.65,0.59,48.83,0.891,58,HOLD
2023-02-10,AAPL,Apple Inc.,Technology,198.64,199.54,194.48,196.01,193.07,5798962,-1.387,2800,29.5,0.55,1.0,45.35,0.49,78,HOLD
2023-02-10,AMZN,Amazon.com Inc.,Consumer Discretionary,140.58,140.85,138.14,138.78,136.7,7809794,-0.8,1850,42.0,0.0,0.74,62.89,0.591,65,HOLD
2023-02-10,BAC,Bank of America Corp.,Financials,29.68,30.13,29.51,30.1,29.65,927864,0.772,270,10.4,2.9,0.93,61.84,0.838,69,HOLD
2023-02-10,JNJ,Johnson & Johnson,Healthcare,158.37,158.37,155.3,155.77,153.43,6788851,-2.121,410,15.6,3.1,0.93,39.85,0.88,82,BUY
2023-02-10,JPM,JPMorgan Chase & Co.,Financials,163.22,165.3,162.67,163.06,160.61,4389688,0.027,540,11.8,2.45,0.76,40.15,0.458,71,BUY
2023-02-10,MSFT,Microsoft Corp.,Technology,352.82,355.39,348.8,351.06,345.79,6089763,-0.322,2600,33.2,0.72,0.99,51.7,0.501,85,HOLD
2023-02-10,NVDA,NVIDIA Corp.,Technology,445.86,448.6,430.11,432.76,426.27,10494399,-1.644,2100,65.4,0.08,1.13,62.75,0.166,74,HOLD
2023-02-10,PFE,Pfizer Inc.,Healthcare,29.54,29.88,29.4,29.43,28.99,2728096,0.462,170,14.1,5.4,0.9,29.36,0.659,80,STRONG_BUY
2023-02-10,TSLA,Tesla Inc.,Consumer Discretionary,267.79,275.83,253.48,257.98,254.11,13700995,-2.776,780,72.3,0.0,0.78,27.61,0.535,62,STRONG_BUY
2023-02-10,XOM,Exxon Mobil Corp.,Energy,100.31,101.06,97.46,97.95,96.48,5730320,-1.489,440,12.2,3.65,0.65,60.23,0.186,58,HOLD
2023-02-13,AAPL,Apple Inc.,Technology,197.35,200.1,194.41,199.42,196.43,5356088,1.742,2800,29.5,0.55,0.91,41.77,0.882,78,BUY
2023-02-13,AMZN,Amazon.com Inc.,Consumer Discretionary,139.46,139.68,136.82,138.46,136.38,12634969,-0.232,1850,42.0,0.0,0.92,46.33,0.49,65,HOLD
2023-02-13,BAC,Bank of America Corp.,Financials,30.11,30.57,30.04,30.49,30.03,3117604,1.29,270,10.4,2.9,0.83,34.93,0.234,69,BUY
2023-02-13,JNJ,Johnson & Johnson,Healthcare,155.19,156.56,154.83,155.82,153.48,4410680,0.032,410,15.6,3.1,0.92,45.21,0.879,82,HOLD
2023-02-13,JPM,JPMorgan Chase & Co.,Financials,162.3,164.39,160.1,162.9,160.46,3776117,-0.097,540,11.8,2.45,1.25,28.09,0.719,71,STRONG_BUY
2023-02-13,MSFT,Microsoft Corp.,Technology,349.15,356.73,346.29,351.77,346.49,4345908,0.203,2600,33.2,0.72,1.11,61.83,0.566,85,HOLD
2023-02-13,NVDA,NVIDIA Corp.,Technology,432.77,433.16,420.45,423.92,417.56,14198733,-2.043,2100,65.4,0.08,1.05,30.26,0.511,74,BUY
2023-02-13,PFE,Pfizer Inc.,Healthcare,29.23,29.25,28.88,29.22,28.79,4543792,-0.701,170,14.1,5.4,0.87,40.42,0.673,80,BUY
2023-02-13,TSLA,Tesla Inc.,Consumer Discretionary,258.47,268.54,251.94,256.56,252.71,9585669,-0.549,780,72.3,0.0,0.83,57.43,0.727,62,HOLD
2023-02-13,XOM,Exxon Mobil Corp.,Energy,97.85,102.32,97.18,102.12,100.59,4731054,4.259,440,12.2,3.65,0.96,49.66,0.805,58,HOLD
2023-02-14,AAPL,Apple Inc.,Technology,200.25,202.77,200.15,201.09,198.08,100000,0.839,2800,29.5,0.55,0.91,48.46,0.366,78,HOLD
2023-02-14,AMZN,Amazon.com Inc.,Consumer Discretionary,136.76,143.95,136.61,142.88,140.73,11443245,3.194,1850,42.0,0.0,0.77,25.98,0.834,65,STRONG_BUY
2023-02-14,BAC,Bank of America Corp.,Financials,30.47,30.5,30.2,30.38,29.93,4892648,-0.346,270,10.4,2.9,0.62,68.74,0.597,69,HOLD
2023-02-14,JNJ,Johnson & Johnson,Healthcare,154.91,157.97,154.69,157.47,155.11,3109286,1.061,410,15.6,3.1,0.72,78.2,0.448,82,SELL
2023-02-14,JPM,JPMorgan Chase & Co.,Financials,161.83,168.95,161.18,165.47,162.98,4341120,1.576,540,11.8,2.45,0.7,38.2,0.354,71,BUY
2023-02-14,MSFT,Microsoft Corp.,Technology,350.88,353.11,339.67,343.12,337.97,4410981,-2.46,2600,33.2,0.72,1.09,58.53,0.306,85,HOLD
2023-02-14,NVDA,NVIDIA Corp.,Technology,425.26,435.58,411.36,416.36,410.11,8543319,-1.783,2100,65.4,0.08,1.29,45.7,0.347,74,HOLD
2023-02-14,PFE,Pfizer Inc.,Healthcare,29.15,29.55,28.82,29.44,29.0,5296760,0.741,170,14.1,5.4,0.69,54.55,0.481,80,HOLD
2023-02-14,TSLA,Tesla Inc.,Consumer Discretionary,260.14,262.94,254.58,257.09,253.23,11015307,0.206,780,72.3,0.0,0.75,65.03,0.558,62,HOLD
2023-02-14,XOM,Exxon Mobil Corp.,Energy,102.76,103.22,100.74,101.87,100.34,3803557,-0.245,440,12.2,3.65,0.8,53.56,0.913,58,HOLD
2023-02-15,AAPL,Apple Inc.,Technology,202.53,207.0,201.68,206.76,203.66,10204781,2.818,2800,29.5,0.55,1.24,57.67,0.973,78,HOLD
2023-02-15,AMZN,Amazon.com Inc.,Consumer Discretionary,142.17,148.38,141.98,146.7,144.5,4503548,2.674,1850,42.0,0.0,1.02,54.63,0.597,65,HOLD
2023-02-15,BAC,Bank of America Corp.,Financials,30.32,30.8,30.0,30.62,30.17,4859758,0.791,270,10.4,2.9,0.73,42.65,0.144,69,BUY
2023-02-15,JNJ,Johnson & Johnson,Healthcare,157.31,157.94,157.22,157.56,155.19,2889895,0.053,410,15.6,3.1,0.87,62.37,0.993,82,HOLD
2023-02-15,JPM,JPMorgan Chase & Co.,Financials,165.57,165.81,162.35,163.69,161.24,1613183,-1.071,540,11.8,2.45,0.81,43.87,0.563,71,BUY
2023-02-15,MSFT,Microsoft Corp.,Technology,342.6,343.77,337.35,338.82,333.73,4886146,-1.253,2600,33.2,0.72,1.5,66.25,0.469,85,HOLD
2023-02-15,NVDA,NVIDIA Corp.,Technology,414.58,425.93,407.16,420.86,414.54,12600008,1.08,2100,65.4,0.08,1.08,43.04,0.57,74,BUY
2023-02-15,PFE,Pfizer Inc.,Healthcare,29.48,29.81,28.86,29.7,29.25,4054183,0.873,170,14.1,5.4,0.79,89.53,0.692,80,SELL
2023-02-15,TSLA,Tesla Inc.,Consumer Discretionary,253.92,266.22,250.34,261.38,257.46,13498708,1.67,780,72.3,0.0,0.84,10.0,0.708,62,STRONG_BUY
2023-02-15,XOM,Exxon Mobil Corp.,Energy,102.18,103.67,102.02,103.46,101.9,2326848,1.56,440,12.2,3.65,0.6,48.9,0.675,58,HOLD
2023-02-16,AAPL,Apple Inc.,Technology,206.09,207.71,205.37,207.58,204.47,10397310,0.398,2800,29.5,0.55,0.91,74.2,0.669,78,SELL
2023-02-16,AMZN,Amazon.com Inc.,Consumer Discretionary,147.95,148.22,140.07,141.94,139.81,8319249,-3.243,1850,42.0,0.0,0.84,54.93,0.598,65,HOLD
2023-02-16,BAC,Bank of America Corp.,Financials,30.53,30.82,30.19,30.19,29.74,3749048,-1.416,270,10.4,2.9,0.74,70.09,0.53,69,SELL
2023-02-16,JNJ,Johnson & Johnson,Healthcare,157.16,157.19,154.2,155.68,153.34,4031274,-1.192,410,15.6,3.1,0.81,54.12,0.855,82,HOLD
2023-02-16,JPM,JPMorgan Chase & Co.,Financials,162.42,165.64,161.78,165.59,163.1,6599306,1.157,540,11.8,2.45,0.58,56.54,0.463,71,HOLD
2023-02-16,MSFT,Microsoft Corp.,Technology,339.94,341.76,338.94,341.28,336.16,2841373,0.726,2600,33.2,0.72,0.66,36.99,0.566,85,BUY
2023-02-16,NVDA,NVIDIA Corp.,Technology,426.09,430.99,417.31,422.34,416.01,9318559,0.354,2100,65.4,0.08,1.14,53.28,0.538,74,HOLD
2023-02-16,PFE,Pfizer Inc.,Healthcare,29.68,29.8,29.1,29.37,28.93,4367504,-1.09,170,14.1,5.4,1.02,45.41,0.409,80,HOLD
2023-02-16,TSLA,Tesla Inc.,Consumer Discretionary,262.49,268.05,244.55,245.85,242.17,8697774,-5.94,780,72.3,0.0,0.76,44.26,0.601,62,BUY
2023-02-16,XOM,Exxon Mobil Corp.,Energy,103.28,104.95,102.68,104.06,102.5,3810158,0.582,440,12.2,3.65,0.77,68.42,0.691,58,HOLD
2023-02-17,AAPL,Apple Inc.,Technology,207.66,211.06,207.46,210.23,207.08,8297485,1.276,2800,29.5,0.55,1.03,64.39,0.587,78,HOLD
2023-02-17,AMZN,Amazon.com Inc.,Consumer Discretionary,141.23,143.05,138.38,140.44,138.33,12816028,-1.057,1850,42.0,0.0,0.86,71.29,0.699,65,SELL
2023-02-17,BAC,Bank of America Corp.,Financials,30.39,30.59,30.39,30.44,29.98,3960027,0.824,270,10.4,2.9,0.71,58.17,0.571,69,HOLD
2023-02-17,JNJ,Johnson & Johnson,Healthcare,155.03,158.23,154.88,157.41,155.05,4124741,1.112,410,15.6,3.1,0.9,61.84,0.768,82,HOLD
2023-02-17,JPM,JPMorgan Chase & Co.,Financials,165.35,168.26,162.88,162.93,160.48,4341895,-1.606,540,11.8,2.45,1.14,54.1,0.276,71,HOLD
2023-02-17,MSFT,Microsoft Corp.,Technology,344.57,349.45,336.16,338.96,333.88,3004935,-0.677,2600,33.2,0.72,1.11,71.56,0.563,85,SELL
2023-02-17,NVDA,NVIDIA Corp.,Technology,416.42,440.01,408.78,431.91,425.43,11159695,2.264,2100,65.4,0.08,0.95,38.52,0.646,74,BUY
2023-02-17,PFE,Pfizer Inc.,Healthcare,29.54,29.54,28.47,28.67,28.24,4139259,-2.396,170,14.1,5.4,0.85,33.41,0.549,80,BUY
2023-02-17,TSLA,Tesla Inc.,Consumer Discretionary,248.76,249.1,235.82,239.7,236.1,7169689,-2.505,780,72.3,0.0,0.93,44.75,0.68,62,BUY
2023-02-17,XOM,Exxon Mobil Corp.,Energy,104.95,106.29,104.74,106.08,104.49,5180629,1.94,440,12.2,3.65,0.68,38.32,0.388,58,BUY
2023-02-20,AAPL,Apple Inc.,Technology,211.2,211.87,206.79,208.08,204.96,13148599,-1.021,2800,29.5,0.55,1.19,63.38,0.605,78,HOLD
2023-02-20,AMZN,Amazon.com Inc.,Consumer Discretionary,139.49,143.91,137.97,141.04,138.92,9576426,0.426,1850,42.0,0.0,0.97,46.35,0.681,65,HOLD
2023-02-20,BAC,Bank of America Corp.,Financials,30.7,31.65,30.65,31.33,30.86,3488662,2.912,270,10.4,2.9,0.92,80.5,0.249,69,SELL
2023-02-20,JNJ,Johnson & Johnson,Healthcare,156.99,159.83,155.85,159.37,156.98,4572690,1.244,410,15.6,3.1,0.78,33.1,0.67,82,BUY
2023-02-20,JPM,JPMorgan Chase & Co.,Financials,163.86,164.56,158.85,159.41,157.02,1811751,-2.159,540,11.8,2.45,0.8,72.09,0.338,71,SELL
2023-02-20,MSFT,Microsoft Corp.,Technology,337.66,338.97,333.04,335.6,330.56,4171738,-0.994,2600,33.2,0.72,1.06,56.52,0.842,85,HOLD
2023-02-20,NVDA,NVIDIA Corp.,Technology,438.01,448.48,436.4,444.19,437.52,4261805,2.843,2100,65.4,0.08,1.03,65.95,0.479,74,HOLD
2023-02-20,PFE,Pfizer Inc.,Healthcare,28.75,29.07,28.55,28.92,28.49,4845672,0.876,170,14.1,5.4,0.86,51.01,0.476,80,HOLD
2023-02-20,TSLA,Tesla Inc.,Consumer Discretionary,236.62,240.35,225.57,228.14,224.71,8665669,-4.823,780,72.3,0.0,1.04,69.78,0.513,62,HOLD
2023-02-20,XOM,Exxon Mobil Corp.,Energy,107.05,107.4,106.15,106.86,105.26,5502676,0.738,440,12.2,3.65,0.69,47.64,0.697,58,HOLD
2023-02-21,AAPL,Apple Inc.,Technology,207.29,213.62,205.01,210.23,207.08,7657790,1.033,2800,29.5,0.55,1.03,73.74,0.759,78,SELL
2023-02-21,AMZN,Amazon.com Inc.,Consumer Discretionary,140.79,140.95,136.89,137.65,135.59,9281475,-2.4,1850,42.0,0.0,0.86,46.15,0.595,65,HOLD
2023-02-21,BAC,Bank of America Corp.,Financials,31.14,32.61,30.94,32.21,31.73,5476688,2.829,270,10.4,2.9,0.86,62.79,0.544,69,HOLD
2023-02-21,JNJ,Johnson & Johnson,Healthcare,159.07,159.83,157.24,157.97,155.6,922921,-0.876,410,15.6,3.1,0.88,51.34,0.391,82,HOLD
2023-02-21,JPM,JPMorgan Chase & Co.,Financials,160.32,161.53,159.65,160.27,157.86,2936690,0.538,540,11.8,2.45,0.85,27.96,0.42,71,BUY
2023-02-21,MSFT,Microsoft Corp.,Technology,336.42,337.27,333.71,333.79,328.79,3914539,-0.537,2600,33.2,0.72,1.23,53.17,0.418,85,HOLD
2023-02-21,NVDA,NVIDIA Corp.,Technology,439.26,446.96,435.62,437.71,431.14,9806806,-1.459,2100,65.4,0.08,1.1,28.91,0.637,74,STRONG_BUY
2023-02-21,PFE,Pfizer Inc.,Healthcare,29.0,29.99,28.99,29.84,29.4,4051267,3.187,170,14.1,5.4,1.18,52.55,0.853,80,HOLD
2023-02-21,TSLA,Tesla Inc.,Consumer Discretionary,230.48,242.57,226.81,238.3,234.73,7583328,4.456,780,72.3,0.0,0.97,26.57,0.443,62,BUY
2023-02-21,XOM,Exxon Mobil Corp.,Energy,106.18,107.23,103.44,104.12,102.55,4471868,-2.567,440,12.2,3.65,1.03,80.12,0.579,58,SELL
2023-02-22,AAPL,Apple Inc.,Technology,210.26,216.58,209.67,215.26,212.03,11134582,2.39,2800,29.5,0.55,1.19,53.36,0.527,78,HOLD
2023-02-22,AMZN,Amazon.com Inc.,Consumer Discretionary,138.74,143.62,138.12,143.3,141.16,13603615,4.105,1850,42.0,0.0,1.18,65.35,0.907,65,HOLD
2023-02-22,BAC,Bank of America Corp.,Financials,32.21,32.38,31.45,31.65,31.18,4044088,-1.737,270,10.4,2.9,0.95,67.23,0.674,69,HOLD
2023-02-22,JNJ,Johnson & Johnson,Healthcare,157.55,159.63,155.98,158.35,155.97,3113418,0.238,410,15.6,3.1,1.38,66.15,0.533,82,HOLD
2023-02-22,JPM,JPMorgan Chase & Co.,Financials,161.75,162.3,160.63,160.7,158.29,5505480,0.27,540,11.8,2.45,0.69,54.93,0.588,71,HOLD
2023-02-22,MSFT,Microsoft Corp.,Technology,332.59,336.67,329.53,335.52,330.49,4158578,0.518,2600,33.2,0.72,1.0,64.87,0.291,85,HOLD
2023-02-22,NVDA,NVIDIA Corp.,Technology,440.97,458.17,430.24,454.77,447.95,6678792,3.899,2100,65.4,0.08,1.06,65.05,0.865,74,HOLD
2023-02-22,PFE,Pfizer Inc.,Healthcare,29.74,29.82,29.51,29.61,29.17,4857177,-0.771,170,14.1,5.4,0.9,36.91,0.269,80,BUY
2023-02-22,TSLA,Tesla Inc.,Consumer Discretionary,234.67,237.1,233.21,237.04,233.49,9824717,-0.529,780,72.3,0.0,0.73,54.49,0.815,62,HOLD
2023-02-22,XOM,Exxon Mobil Corp.,Energy,104.53,104.77,103.28,103.34,101.79,6181689,-0.749,440,12.2,3.65,0.84,42.34,0.669,58,BUY
2023-02-23,AAPL,Apple Inc.,Technology,214.74,217.07,206.16,208.4,205.28,12697374,-3.186,2800,29.5,0.55,1.1,42.21,0.67,78,BUY
2023-02-23,AMZN,Amazon.com Inc.,Consumer Discretionary,142.93,143.48,139.95,141.58,139.46,8369444,-1.202,1850,42.0,0.0,0.94,57.21,0.469,65,HOLD
2023-02-23,BAC,Bank of America Corp.,Financials,31.67,32.0,31.43,31.43,30.96,3331006,-0.689,270,10.4,2.9,0.69,79.66,0.348,69,SELL
2023-02-23,JNJ,Johnson & Johnson,Healthcare,157.91,159.36,157.25,158.81,156.43,3423912,0.294,410,15.6,3.1,0.75,36.91,0.647,82,BUY
2023-02-23,JPM,JPMorgan Chase & Co.,Financials,161.12,165.31,160.85,164.43,161.97,834192,2.324,540,11.8,2.45,0.93,46.67,0.388,71,HOLD
2023-02-23,MSFT,Microsoft Corp.,Technology,336.39,344.13,335.87,342.04,336.91,2293239,1.941,2600,33.2,0.72,1.2,65.76,0.571,85,HOLD
2023-02-23,NVDA,NVIDIA Corp.,Technology,457.37,465.45,444.36,451.02,444.26,8242036,-0.825,2100,65.4,0.08,0.82,40.29,0.461,74,BUY
2023-02-23,PFE,Pfizer Inc.,Healthcare,29.71,29.78,29.29,29.32,28.88,4757670,-0.985,170,14.1,5.4,0.73,49.84,0.71,80,HOLD
2023-02-23,TSLA,Tesla Inc.,Consumer Discretionary,233.48,242.34,230.53,239.76,236.16,10938929,1.146,780,72.3,0.0,0.95,50.04,0.589,62,HOLD
2023-02-23,XOM,Exxon Mobil Corp.,Energy,102.61,104.46,100.39,103.48,101.93,3411827,0.137,440,12.2,3.65,0.58,43.61,0.176,58,BUY
2023-02-24,AAPL,Apple Inc.,Technology,208.24,213.72,207.63,212.14,208.96,11445260,1.795,2800,29.5,0.55,1.14,40.49,0.449,78,BUY
2023-02-24,AMZN,Amazon.com Inc.,Consumer Discretionary,141.02,142.3,136.18,136.89,134.83,7206278,-3.316,1850,42.0,0.0,0.8,33.95,0.733,65,BUY
2023-02-24,BAC,Bank of America Corp.,Financials,31.44,31.94,30.46,30.73,30.27,6300958,-2.252,270,10.4,2.9,0.74,68.35,0.62,69,HOLD
2023-02-24,JNJ,Johnson & Johnson,Healthcare,158.84,160.9,158.43,160.53,158.12,3485914,1.081,410,15.6,3.1,0.8,35.7,0.602,82,BUY
2023-02-24,JPM,JPMorgan Chase & Co.,Financials,164.23,166.32,163.67,166.25,163.75,4407255,1.103,540,11.8,2.45,0.99,36.3,0.191,71,BUY
2023-02-24,MSFT,Microsoft Corp.,Technology,341.37,343.98,339.19,340.34,335.24,6887534,-0.496,2600,33.2,0.72,1.31,52.34,0.358,85,HOLD
2023-02-24,NVDA,NVIDIA Corp.,Technology,448.55,469.58,446.62,456.29,449.45,3307107,1.168,2100,65.4,0.08,1.4,32.84,0.538,74,BUY
2023-02-24,PFE,Pfizer Inc.,Healthcare,29.15,29.6,28.93,29.24,28.8,4762474,-0.291,170,14.1,5.4,0.78,64.89,0.631,80,HOLD
2023-02-24,TSLA,Tesla Inc.,Consumer Discretionary,242.45,252.19,238.37,245.93,242.24,7022260,2.575,780,72.3,0.0,0.89,45.26,0.419,62,HOLD
2023-02-24,XOM,Exxon Mobil Corp.,Energy,103.71,103.71,100.24,100.53,99.02,3853628,-2.849,440,12.2,3.65,1.14,59.19,0.299,58,HOLD
2023-02-27,AAPL,Apple Inc.,Technology,212.38,213.44,208.92,210.57,207.41,14040240,-0.74,2800,29.5,0.55,1.3,42.7,0.464,78,BUY
2023-02-27,AMZN,Amazon.com Inc.,Consumer Discretionary,137.72,137.79,132.86,134.06,132.05,12047749,-2.068,1850,42.0,0.0,1.04,41.97,0.66,65,BUY
2023-02-27,BAC,Bank of America Corp.,Financials,30.69,32.29,30.44,31.88,31.4,4314184,3.76,270,10.4,2.9,0.72,47.24,0.64,69,HOLD
2023-02-27,JNJ,Johnson & Johnson,Healthcare,159.65,161.81,159.55,161.29,158.87,5026687,0.471,410,15.6,3.1,0.79,39.38,0.42,82,BUY
2023-02-27,JPM,JPMorgan Chase & Co.,Financials,165.4,165.51,160.38,162.65,160.21,2590773,-2.163,540,11.8,2.45,0.53,33.51,0.444,71,BUY
2023-02-27,MSFT,Microsoft Corp.,Technology,340.27,345.06,336.37,341.92,336.79,2335384,0.464,2600,33.2,0.72,1.06,52.46,0.504,85,HOLD
2023-02-27,NVDA,NVIDIA Corp.,Technology,451.87,460.3,446.7,458.27,451.39,12982626,0.433,2100,65.4,0.08,1.22,78.73,0.775,74,SELL
2023-02-27,PFE,Pfizer Inc.,Healthcare,29.27,29.32,28.99,29.14,28.7,5253136,-0.343,170,14.1,5.4,0.72,32.56,0.539,80,BUY
2023-02-27,TSLA,Tesla Inc.,Consumer Discretionary,248.27,251.6,229.93,236.01,232.47,11685052,-4.034,780,72.3,0.0,0.88,63.72,0.61,62,HOLD
2023-02-27,XOM,Exxon Mobil Corp.,Energy,101.18,102.0,99.17,99.68,98.18,5091681,-0.849,440,12.2,3.65,0.96,71.14,0.599,58,SELL
2023-02-28,AAPL,Apple Inc.,Technology,212.25,213.89,211.53,211.84,208.66,9933443,0.6,2800,29.5,0.55,1.06,51.74,0.37,78,HOLD
2023-02-28,AMZN,Amazon.com Inc.,Consumer Discretionary,134.12,136.0,133.79,135.17,133.15,8493503,0.834,1850,42.0,0.0,0.96,31.39,0.912,65,BUY
2023-02-28,BAC,Bank of America Corp.,Financials,31.84,32.15,31.71,32.12,31.64,3736516,0.736,270,10.4,2.9,1.0,49.01,0.531,69,HOLD
2023-02-28,JNJ,Johnson & Johnson,Healthcare,160.6,164.22,158.34,163.25,160.8,6451296,1.216,410,15.6,3.1,0.76,55.6,0.544,82,HOLD
2023-02-28,JPM,JPMorgan Chase & Co.,Financials,163.32,166.26,163.09,165.36,162.88,3359313,1.663,540,11.8,2.45,0.94,73.13,0.583,71,SELL
2023-02-28,MSFT,Microsoft Corp.,Technology,342.46,345.77,341.49,345.23,340.05,4473877,0.967,2600,33.2,0.72,1.3,54.36,0.497,85,HOLD
2023-02-28,NVDA,NVIDIA Corp.,Technology,454.05,454.94,433.54,434.18,427.67,6044286,-5.256,2100,65.4,0.08,1.19,73.23,0.984,74,SELL
2023-02-28,PFE,Pfizer Inc.,Healthcare,29.06,29.29,28.09,28.25,27.83,5279708,-3.027,170,14.1,5.4,0.71,74.62,0.372,80,SELL
2023-02-28,TSLA,Tesla Inc.,Consumer Discretionary,237.42,238.94,234.63,235.84,232.3,4713088,-0.073,780,72.3,0.0,0.79,42.52,0.426,62,BUY
2023-02-28,XOM,Exxon Mobil Corp.,Energy,99.78,100.58,98.45,98.47,96.99,4463208,-1.211,440,12.2,3.65,0.92,33.66,0.852,58,BUY
2023-03-01,AAPL,Apple Inc.,Technology,212.72,217.73,212.55,216.77,213.52,4940365,2.328,2800,29.5,0.55,1.17,47.2,0.398,78,HOLD
2023-03-01,AMZN,Amazon.com Inc.,Consumer Discretionary,134.54,140.16,134.2,138.86,136.78,11078774,2.727,1850,42.0,0.0,0.89,53.29,0.743,65,HOLD
2023-03-01,BAC,Bank of America Corp.,Financials,32.24,32.26,31.66,32.04,31.56,4257319,-0.247,270,10.4,2.9,0.87,64.0,0.475,69,HOLD
2023-03-01,JNJ,Johnson & Johnson,Healthcare,164.17,165.1,162.18,162.42,159.98,2488126,-0.506,410,15.6,3.1,0.83,74.25,0.554,82,SELL
2023-03-01,JPM,JPMorgan Chase & Co.,Financials,166.2,166.71,164.71,165.1,162.63,3206884,-0.155,540,11.8,2.45,1.18,63.4,0.348,71,HOLD
2023-03-01,MSFT,Microsoft Corp.,Technology,341.99,344.14,338.42,343.69,338.53,3872363,-0.446,2600,33.2,0.72,1.25,45.02,0.147,85,HOLD
2023-03-01,NVDA,NVIDIA Corp.,Technology,442.86,455.22,436.14,440.24,433.64,9769088,1.395,2100,65.4,0.08,1.08,45.97,0.631,74,HOLD
2023-03-01,PFE,Pfizer Inc.,Healthcare,28.22,28.25,27.56,27.57,27.16,5002863,-2.414,170,14.1,5.4,0.85,58.37,1.0,80,HOLD
2023-03-01,TSLA,Tesla Inc.,Consumer Discretionary,232.59,242.78,228.73,238.9,235.31,17592447,1.297,780,72.3,0.0,0.84,51.07,0.52,62,HOLD
2023-03-01,XOM,Exxon Mobil Corp.,Energy,99.01,100.64,98.72,100.31,98.8,3686881,1.867,440,12.2,3.65,1.15,51.79,0.441,58,HOLD
2023-03-02,AAPL,Apple Inc.,Technology,216.78,217.92,215.27,217.73,214.46,10085785,0.443,2800,29.5,0.55,1.24,72.32,0.64,78,SELL
2023-03-02,AMZN,Amazon.com Inc.,Consumer Discretionary,138.51,146.11,137.66,145.5,143.32,8287050,4.784,1850,42.0,0.0,0.72,57.67,0.056,65,HOLD
2023-03-02,BAC,Bank of America Corp.,Financials,32.05,32.76,31.36,32.62,32.13,3764261,1.806,270,10.4,2.9,0.83,57.47,0.491,69,HOLD
2023-03-02,JNJ,Johnson & Johnson,Healthcare,162.42,163.72,161.99,162.93,160.48,6025188,0.312,410,15.6,3.1,0.65,45.99,0.467,82,HOLD
2023-03-02,JPM,JPMorgan Chase & Co.,Financials,164.55,165.04,161.34,162.89,160.45,2636229,-1.339,540,11.8,2.45,0.61,33.7,0.677,71,BUY
2023-03-02,MSFT,Microsoft Corp.,Technology,344.59,349.12,343.58,348.45,343.22,3451538,1.385,2600,33.2,0.72,1.05,74.62,0.384,85,SELL
2023-03-02,NVDA,NVIDIA Corp.,Technology,448.22,452.21,425.3,434.59,428.07,11701127,-1.284,2100,65.4,0.08,1.03,67.16,0.271,74,HOLD
2023-03-02,PFE,Pfizer Inc.,Healthcare,27.44,27.83,27.2,27.41,27.0,4160918,-0.574,170,14.1,5.4,0.88,67.7,0.807,80,HOLD
2023-03-02,TSLA,Tesla Inc.,Consumer Discretionary,239.83,246.38,235.82,238.31,234.74,7198973,-0.243,780,72.3,0.0,0.77,51.5,0.547,62,HOLD
2023-03-02,XOM,Exxon Mobil Corp.,Energy,101.01,102.18,95.83,96.23,94.79,3480921,-4.066,440,12.2,3.65,0.87,52.73,0.537,58,HOLD
2023-03-03,AAPL,Apple Inc.,Technology,219.86,222.74,217.93,222.52,219.18,4915026,2.201,2800,29.5,0.55,0.9,49.79,0.691,78,HOLD
2023-03-03,AMZN,Amazon.com Inc.,Consumer Discretionary,144.82,145.57,143.15,144.97,142.8,12757109,-0.364,1850,42.0,0.0,0.67,42.3,0.935,65,BUY
2023-03-03,BAC,Bank of America Corp.,Financials,32.54,33.75,32.19,33.73,33.23,4857136,3.43,270,10.4,2.9,1.02,72.84,0.622,69,SELL
2023-03-03,JNJ,Johnson & Johnson,Healthcare,162.24,165.92,160.77,165.31,162.83,5410999,1.461,410,15.6,3.1,0.81,43.06,0.214,82,BUY
2023-03-03,JPM,JPMorgan Chase & Co.,Financials,162.28,164.02,160.33,160.36,157.96,4142359,-1.552,540,11.8,2.45,0.69,71.52,0.569,71,SELL
2023-03-03,MSFT,Microsoft Corp.,Technology,350.53,350.82,336.79,340.12,335.02,4053130,-2.39,2600,33.2,0.72,0.98,57.21,0.574,85,HOLD
2023-03-03,NVDA,NVIDIA Corp.,Technology,433.22,441.21,401.31,404.66,398.59,6226782,-6.886,2100,65.4,0.08,0.97,51.04,0.435,74,HOLD
2023-03-03,PFE,Pfizer Inc.,Healthcare,27.33,27.95,27.22,27.59,27.18,3974301,0.646,170,14.1,5.4,0.74,33.99,0.433,80,BUY
2023-03-03,TSLA,Tesla Inc.,Consumer Discretionary,236.15,243.96,235.67,242.14,238.51,9513270,1.606,780,72.3,0.0,0.91,43.66,0.778,62,BUY
2023-03-03,XOM,Exxon Mobil Corp.,Energy,96.49,97.01,95.95,96.6,95.15,3424088,0.381,440,12.2,3.65,0.72,43.76,0.13,58,BUY
2023-03-06,AAPL,Apple Inc.,Technology,222.7,223.39,215.86,219.57,216.27,13326483,-1.326,2800,29.5,0.55,1.17,39.42,0.446,78,BUY
2023-03-06,AMZN,Amazon.com Inc.,Consumer Discretionary,145.53,149.65,144.25,146.33,144.14,13068120,0.937,1850,42.0,0.0,1.02,69.53,0.494,65,HOLD
2023-03-06,BAC,Bank of America Corp.,Financials,33.88,33.93,33.24,33.32,32.82,2904361,-1.219,270,10.4,2.9,0.7,81.19,0.677,69,SELL
2023-03-06,JNJ,Johnson & Johnson,Healthcare,165.69,166.91,163.65,164.71,162.24,1949035,-0.365,410,15.6,3.1,0.59,38.03,0.43,82,BUY
2023-03-06,JPM,JPMorgan Chase & Co.,Financials,160.14,160.8,160.02,160.78,158.36,5708396,0.256,540,11.8,2.45,1.01,41.32,0.356,71,BUY
2023-03-06,MSFT,Microsoft Corp.,Technology,340.45,341.22,337.03,337.73,332.66,4821371,-0.703,2600,33.2,0.72,0.9,64.2,0.465,85,HOLD
2023-03-06,NVDA,NVIDIA Corp.,Technology,406.81,414.62,396.03,398.98,393.0,8560006,-1.404,2100,65.4,0.08,1.04,25.82,0.758,74,STRONG_BUY
2023-03-06,PFE,Pfizer Inc.,Healthcare,27.69,28.0,27.07,27.29,26.88,3254998,-1.086,170,14.1,5.4,0.91,36.27,0.48,80,BUY
2023-03-06,TSLA,Tesla Inc.,Consumer Discretionary,240.75,245.54,234.21,235.14,231.62,8575444,-2.891,780,72.3,0.0,0.87,35.68,0.883,62,BUY
2023-03-06,XOM,Exxon Mobil Corp.,Energy,96.9,98.0,96.83,97.2,95.74,3780894,0.628,440,12.2,3.65,0.74,84.22,0.451,58,SELL
2023-03-07,AAPL,Apple Inc.,Technology,221.32,223.99,221.06,222.59,219.25,9742361,1.376,2800,29.5,0.55,0.94,56.14,0.499,78,HOLD
2023-03-07,AMZN,Amazon.com Inc.,Consumer Discretionary,148.71,149.22,144.37,145.25,143.07,10435202,-0.741,1850,42.0,0.0,0.83,41.84,0.725,65,BUY
2023-03-07,BAC,Bank of America Corp.,Financials,33.42,33.44,32.78,33.16,32.66,1298307,-0.503,270,10.4,2.9,0.93,74.39,0.479,69,SELL
2023-03-07,JNJ,Johnson & Johnson,Healthcare,164.72,166.03,164.18,166.02,163.53,5078031,0.8,410,15.6,3.1,0.76,53.35,0.578,82,HOLD
2023-03-07,JPM,JPMorgan Chase & Co.,Financials,159.57,160.83,158.34,159.79,157.39,5517489,-0.612,540,11.8,2.45,1.08,57.91,0.839,71,HOLD
2023-03-07,MSFT,Microsoft Corp.,Technology,337.93,340.72,323.95,327.4,322.49,5013054,-3.058,2600,33.2,0.72,1.23,35.03,0.67,85,BUY
2023-03-07,NVDA,NVIDIA Corp.,Technology,406.48,406.65,400.12,403.43,397.38,5984373,1.115,2100,65.4,0.08,1.11,54.25,0.494,74,HOLD
2023-03-07,PFE,Pfizer Inc.,Healthcare,27.38,27.59,26.5,26.63,26.23,1871352,-2.434,170,14.1,5.4,0.87,77.79,0.152,80,SELL
2023-03-07,TSLA,Tesla Inc.,Consumer Discretionary,235.26,238.72,232.89,237.46,233.89,10240198,0.983,780,72.3,0.0,0.73,28.59,0.741,62,STRONG_BUY
2023-03-07,XOM,Exxon Mobil Corp.,Energy,97.86,98.13,97.13,97.46,96.0,4336626,0.267,440,12.2,3.65,0.85,39.75,0.881,58,BUY
2023-03-08,AAPL,Apple Inc.,Technology,224.08,227.29,221.02,222.22,218.89,10018352,-0.166,2800,29.5,0.55,1.19,45.7,0.558,78,HOLD
2023-03-08,AMZN,Amazon.com Inc.,Consumer Discretionary,146.71,152.61,146.01,148.04,145.82,5006727,1.926,1850,42.0,0.0,0.95,53.79,0.64,65,HOLD
2023-03-08,BAC,Bank of America Corp.,Financials,33.31,34.04,33.29,33.98,33.48,3816703,2.501,270,10.4,2.9,0.73,39.74,0.753,69,BUY
2023-03-08,JNJ,Johnson & Johnson,Healthcare,165.84,167.18,165.35,167.0,164.5,3190156,0.589,410,15.6,3.1,0.97,51.18,0.536,82,HOLD
2023-03-08,JPM,JPMorgan Chase & Co.,Financials,159.58,160.63,155.03,155.24,152.91,6727679,-2.849,540,11.8,2.45,0.85,42.85,0.735,71,BUY
2023-03-08,MSFT,Microsoft Corp.,Technology,330.39,331.41,327.81,331.06,326.09,5549912,1.116,2600,33.2,0.72,1.23,21.58,0.528,85,STRONG_BUY
2023-03-08,NVDA,NVIDIA Corp.,Technology,404.09,410.32,397.85,399.17,393.19,12135756,-1.056,2100,65.4,0.08,1.13,43.79,0.578,74,BUY
2023-03-08,PFE,Pfizer Inc.,Healthcare,26.5,26.83,26.13,26.7,26.3,3876277,0.267,170,14.1,5.4,1.18,63.27,0.948,80,HOLD
2023-03-08,TSLA,Tesla Inc.,Consumer Discretionary,236.52,248.01,231.08,243.76,240.1,7742750,2.654,780,72.3,0.0,1.18,41.42,0.693,62,BUY
2023-03-08,XOM,Exxon Mobil Corp.,Energy,97.31,99.21,96.12,98.34,96.86,7315668,0.9,440,12.2,3.65,0.74,28.42,0.704,58,STRONG_BUY
2023-03-09,AAPL,Apple Inc.,Technology,222.86,224.99,213.83,216.83,213.58,7102374,-2.423,2800,29.5,0.55,1.41,55.39,0.495,78,HOLD
2023-03-09,AMZN,Amazon.com Inc.,Consumer Discretionary,147.82,153.39,146.49,152.55,150.26,5911958,3.044,1850,42.0,0.0,0.9,46.66,0.755,65,HOLD
2023-03-09,BAC,Bank of America Corp.,Financials,34.14,34.25,33.77,33.84,33.33,4349118,-0.427,270,10.4,2.9,0.95,42.13,0.548,69,BUY
2023-03-09,JNJ,Johnson & Johnson,Healthcare,168.08,168.35,166.37,166.72,164.22,4165635,-0.166,410,15.6,3.1,1.21,53.56,0.425,82,HOLD
2023-03-09,JPM,JPMorgan Chase & Co.,Financials,155.19,155.2,149.61,151.03,148.76,2384774,-2.712,540,11.8,2.45,0.83,36.6,0.398,71,BUY
2023-03-09,MSFT,Microsoft Corp.,Technology,329.56,330.78,328.45,330.2,325.24,3390688,-0.26,2600,33.2,0.72,1.15,54.74,0.685,85,HOLD
2023-03-09,NVDA,NVIDIA Corp.,Technology,403.56,406.16,368.88,371.42,365.85,4535266,-6.953,2100,65.4,0.08,1.06,45.49,0.798,74,HOLD
2023-03-09,PFE,Pfizer Inc.,Healthcare,26.92,27.08,26.76,26.83,26.43,1282128,0.499,170,14.1,5.4,1.07,58.42,0.279,80,HOLD
2023-03-09,TSLA,Tesla Inc.,Consumer Discretionary,239.93,254.59,235.63,253.42,249.62,10097735,3.965,780,72.3,0.0,0.67,70.34,0.414,62,SELL
2023-03-09,XOM,Exxon Mobil Corp.,Energy,98.82,101.08,97.53,99.98,98.48,3944236,1.672,440,12.2,3.65,0.8,43.19,0.8,58,BUY
2023-03-10,AAPL,Apple Inc.,Technology,216.91,225.63,213.49,221.52,218.2,9128625,2.163,2800,29.5,0.55,1.31,61.04,0.725,78,HOLD
2023-03-10,AMZN,Amazon.com Inc.,Consumer Discretionary,153.45,155.52,152.08,153.22,150.92,10647369,0.441,1850,42.0,0.0,1.16,39.92,0.982,65,BUY
2023-03-10,BAC,Bank of America Corp.,Financials,33.59,33.79,33.37,33.57,33.07,1577632,-0.789,270,10.4,2.9,0.86,86.96,0.79,69,SELL
2023-03-10,JNJ,Johnson & Johnson,Healthcare,167.28,168.82,165.48,167.38,164.87,2158382,0.393,410,15.6,3.1,0.75,48.12,0.786,82,HOLD
2023-03-10,JPM,JPMorgan Chase & Co.,Financials,151.48,152.19,151.14,151.94,149.66,4828019,0.606,540,11.8,2.45,0.73,56.3,0.672,71,HOLD
2023-03-10,MSFT,Microsoft Corp.,Technology,331.92,333.34,323.28,325.39,320.51,4514202,-1.457,2600,33.2,0.72,1.05,48.87,0.881,85,HOLD
2023-03-10,NVDA,NVIDIA Corp.,Technology,368.36,395.67,367.16,392.19,386.3,5792476,5.592,2100,65.4,0.08,1.05,56.44,0.479,74,HOLD
2023-03-10,PFE,Pfizer Inc.,Healthcare,26.93,27.47,26.54,27.18,26.77,3102369,1.287,170,14.1,5.4,1.25,39.36,0.502,80,BUY
2023-03-10,TSLA,Tesla Inc.,Consumer Discretionary,249.77,253.32,223.65,224.89,221.52,11012686,-11.259,780,72.3,0.0,0.7,60.89,0.519,62,HOLD
2023-03-10,XOM,Exxon Mobil Corp.,Energy,99.67,103.6,99.53,102.14,100.6,3153393,2.153,440,12.2,3.65,0.73,39.61,0.663,58,BUY
2023-03-13,AAPL,Apple Inc.,Technology,221.11,224.56,217.02,219.88,216.58,13101222,-0.741,2800,29.5,0.55,0.77,54.8,0.525,78,HOLD
2023-03-13,AMZN,Amazon.com Inc.,Consumer Discretionary,153.53,154.46,150.69,151.06,148.79,15238648,-1.413,1850,42.0,0.0,0.82,22.64,0.536,65,STRONG_BUY
2023-03-13,BAC,Bank of America Corp.,Financials,32.97,34.45,32.84,34.32,33.8,2482058,2.223,270,10.4,2.9,0.93,49.91,0.572,69,HOLD
2023-03-13,JNJ,Johnson & Johnson,Healthcare,166.62,168.67,166.56,168.2,165.68,5393406,0.492,410,15.6,3.1,0.99,67.59,0.446,82,HOLD
2023-03-13,JPM,JPMorgan Chase & Co.,Financials,152.57,157.84,149.91,155.96,153.62,4135346,2.643,540,11.8,2.45,0.73,50.25,0.492,71,HOLD
2023-03-13,MSFT,Microsoft Corp.,Technology,324.92,329.1,313.73,315.7,310.97,5470154,-2.976,2600,33.2,0.72,1.23,58.0,0.394,85,HOLD
2023-03-13,NVDA,NVIDIA Corp.,Technology,391.09,392.05,371.14,377.29,371.63,10049854,-3.8,2100,65.4,0.08,1.06,56.95,0.266,74,HOLD
2023-03-13,PFE,Pfizer Inc.,Healthcare,27.26,27.84,27.22,27.78,27.36,4771647,2.213,170,14.1,5.4,0.96,46.24,0.53,80,HOLD
2023-03-13,TSLA,Tesla Inc.,Consumer Discretionary,226.98,227.37,217.61,220.73,217.42,12808286,-1.85,780,72.3,0.0,0.77,47.04,0.843,62,HOLD
2023-03-13,XOM,Exxon Mobil Corp.,Energy,101.87,102.89,100.32,100.45,98.94,5408202,-1.652,440,12.2,3.65,0.79,45.36,0.584,58,HOLD
2023-03-14,AAPL,Apple Inc.,Technology,218.24,229.89,218.13,226.42,223.02,11344229,2.972,2800,29.5,0.55,1.09,23.06,0.544,78,STRONG_BUY
2023-03-14,AMZN,Amazon.com Inc.,Consumer Discretionary,151.43,151.87,145.36,145.47,143.28,9241105,-3.703,1850,42.0,0.0,0.85,59.03,0.497,65,HOLD
2023-03-14,BAC,Bank of America Corp.,Financials,34.33,34.49,33.32,33.75,33.24,5757204,-1.672,270,10.4,2.9,0.82,34.25,0.46,69,BUY
2023-03-14,JNJ,Johnson & Johnson,Healthcare,168.04,168.75,166.62,167.1,164.6,3992850,-0.654,410,15.6,3.1,0.58,62.99,0.622,82,HOLD
2023-03-14,JPM,JPMorgan Chase & Co.,Financials,156.05,157.13,152.94,153.64,151.33,679676,-1.489,540,11.8,2.45,0.73,56.13,0.918,71,HOLD
2023-03-14,MSFT,Microsoft Corp.,Technology,315.45,315.62,312.37,315.3,310.57,2701705,-0.127,2600,33.2,0.72,1.18,65.65,0.593,85,HOLD
2023-03-14,NVDA,NVIDIA Corp.,Technology,379.8,387.88,369.45,380.16,374.45,10708150,0.761,2100,65.4,0.08,1.37,41.74,0.844,74,BUY
2023-03-14,PFE,Pfizer Inc.,Healthcare,27.61,27.99,26.62,26.95,26.55,4092104,-2.975,170,14.1,5.4,0.81,49.76,0.849,80,HOLD
2023-03-14,TSLA,Tesla Inc.,Consumer Discretionary,221.69,240.19,220.43,229.96,226.51,8578897,4.179,780,72.3,0.0,0.88,65.22,0.647,62,HOLD
2023-03-14,XOM,Exxon Mobil Corp.,Energy,100.18,105.07,99.45,104.41,102.85,3804566,3.948,440,12.2,3.65,0.64,55.44,0.659,58,HOLD
2023-03-15,AAPL,Apple Inc.,Technology,226.32,228.57,225.01,226.01,222.62,12615788,-0.181,2800,29.5,0.55,1.05,80.77,0.498,78,SELL
2023-03-15,AMZN,Amazon.com Inc.,Consumer Discretionary,146.15,146.41,144.23,144.58,142.41,10097195,-0.611,1850,42.0,0.0,0.95,61.71,0.564,65,HOLD
2023-03-15,BAC,Bank of America Corp.,Financials,33.75,34.09,32.52,33.08,32.59,4399559,-1.968,270,10.4,2.9,0.79,44.39,0.575,69,BUY
2023-03-15,JNJ,Johnson & Johnson,Healthcare,167.39,167.44,166.8,166.87,164.37,4829937,-0.137,410,15.6,3.1,1.05,72.43,0.805,82,SELL
2023-03-15,JPM,JPMorgan Chase & Co.,Financials,154.35,155.05,153.69,154.61,152.29,4806266,0.636,540,11.8,2.45,0.91,67.71,0.523,71,HOLD
2023-03-15,MSFT,Microsoft Corp.,Technology,319.37,323.99,316.97,318.72,313.94,6063678,1.085,2600,33.2,0.72,1.13,64.4,0.487,85,HOLD
2023-03-15,NVDA,NVIDIA Corp.,Technology,381.16,382.08,369.11,376.68,371.03,9187547,-0.916,2100,65.4,0.08,1.07,62.25,0.76,74,HOLD
2023-03-15,PFE,Pfizer Inc.,Healthcare,27.01,27.43,26.98,27.28,26.87,6466345,1.222,170,14.1,5.4,0.97,45.32,0.77,80,HOLD
2023-03-15,TSLA,Tesla Inc.,Consumer Discretionary,231.58,238.04,230.88,236.75,233.2,5565300,2.955,780,72.3,0.0,0.68,54.56,0.513,62,HOLD
2023-03-15,XOM,Exxon Mobil Corp.,Energy,104.02,104.91,102.38,102.62,101.08,4099994,-1.722,440,12.2,3.65,0.97,73.46,0.512,58,SELL
2023-03-16,AAPL,Apple Inc.,Technology,225.04,225.25,221.85,223.94,220.58,8062227,-0.914,2800,29.5,0.55,1.11,79.51,0.334,78,SELL
2023-03-16,AMZN,Amazon.com Inc.,Consumer Discretionary,145.82,146.95,142.87,145.97,143.78,14566921,0.965,1850,42.0,0.0,0.89,51.27,0.574,65,HOLD
2023-03-16,BAC,Bank of America Corp.,Financials,33.18,33.19,32.97,33.04,32.54,4081718,-0.138,270,10.4,2.9,0.54,47.2,0.441,69,HOLD
2023-03-16,JNJ,Johnson & Johnson,Healthcare,166.89,168.28,166.22,167.48,164.96,3567307,0.361,410,15.6,3.1,0.72,51.51,0.623,82,HOLD
2023-03-16,JPM,JPMorgan Chase & Co.,Financials,154.27,156.29,152.8,155.38,153.05,2739060,0.494,540,11.8,2.45,0.99,67.12,0.376,71,HOLD
2023-03-16,MSFT,Microsoft Corp.,Technology,320.73,331.36,318.83,327.07,322.17,4105607,2.62,2600,33.2,0.72,0.97,48.56,0.262,85,HOLD
2023-03-16,NVDA,NVIDIA Corp.,Technology,381.08,392.98,375.28,376.15,370.5,3637072,-0.141,2100,65.4,0.08,1.16,50.68,0.687,74,HOLD
2023-03-16,PFE,Pfizer Inc.,Healthcare,27.26,27.37,27.26,27.35,26.94,7617003,0.263,170,14.1,5.4,0.9,24.14,0.311,80,BUY
2023-03-16,TSLA,Tesla Inc.,Consumer Discretionary,239.93,243.54,238.47,239.77,236.18,5876371,1.276,780,72.3,0.0,0.96,67.55,0.628,62,HOLD
2023-03-16,XOM,Exxon Mobil Corp.,Energy,102.24,103.0,101.36,101.99,100.46,4317888,-0.615,440,12.2,3.65,0.91,70.13,0.536,58,SELL
2023-03-17,AAPL,Apple Inc.,Technology,225.4,227.84,224.14,226.1,222.71,7422557,0.966,2800,29.5,0.55,0.92,44.34,0.654,78,BUY
2023-03-17,AMZN,Amazon.com Inc.,Consumer Discretionary,145.71,147.29,145.53,146.63,144.43,14500100,0.452,1850,42.0,0.0,1.03,37.96,0.264,65,BUY
2023-03-17,BAC,Bank of America Corp.,Financials,33.18,33.62,33.1,33.26,32.76,1475355,0.676,270,10.4,2.9,0.8,53.8,0.598,69,HOLD
2023-03-17,JNJ,Johnson & Johnson,Healthcare,168.17,169.08,164.79,167.15,164.64,4150480,-0.195,410,15.6,3.1,0.9,47.35,0.472,82,HOLD
2023-03-17,JPM,JPMorgan Chase & Co.,Financials,156.24,158.72,155.29,158.33,155.96,3241887,1.903,540,11.8,2.45,0.78,67.14,0.537,71,HOLD
2023-03-17,MSFT,Microsoft Corp.,Technology,327.3,333.32,325.7,329.42,324.48,7207237,0.719,2600,33.2,0.72,1.07,50.52,0.569,85,HOLD
2023-03-17,NVDA,NVIDIA Corp.,Technology,371.89,400.49,369.07,392.04,386.16,10257020,4.226,2100,65.4,0.08,1.26,69.95,0.489,74,HOLD
2023-03-17,PFE,Pfizer Inc.,Healthcare,27.36,27.47,27.26,27.39,26.98,2227332,0.151,170,14.1,5.4,0.79,60.57,0.866,80,HOLD
2023-03-17,TSLA,Tesla Inc.,Consumer Discretionary,239.05,242.09,232.1,235.42,231.88,13869184,-1.817,780,72.3,0.0,0.88,45.6,0.104,62,HOLD
2023-03-17,XOM,Exxon Mobil Corp.,Energy,101.61,104.37,100.49,103.27,101.72,6894735,1.255,440,12.2,3.65,0.99,39.36,0.858,58,BUY
2023-03-20,AAPL,Apple Inc.,Technology,227.77,231.14,219.53,220.03,216.73,12017949,-2.687,2800,29.5,0.55,1.27,90.0,0.606,78,SELL
2023-03-20,AMZN,Amazon.com Inc.,Consumer Discretionary,148.07,150.39,145.48,148.71,146.48,10993688,1.416,1850,42.0,0.0,0.64,46.43,0.549,65,HOLD
2023-03-20,BAC,Bank of America Corp.,Financials,33.19,33.62,33.11,33.5,32.99,4778318,0.711,270,10.4,2.9,1.11,45.93,0.207,69,HOLD
2023-03-20,JNJ,Johnson & Johnson,Healthcare,167.33,168.58,164.61,165.09,162.61,4701284,-1.233,410,15.6,3.1,1.03,74.47,0.373,82,SELL
2023-03-20,JPM,JPMorgan Chase & Co.,Financials,158.29,159.47,154.17,156.92,154.56,4280643,-0.896,540,11.8,2.45,0.56,55.67,0.66,71,HOLD
2023-03-20,MSFT,Microsoft Corp.,Technology,329.36,330.5,324.52,326.33,321.44,2031155,-0.939,2600,33.2,0.72,1.21,30.93,0.535,85,BUY
2023-03-20,NVDA,NVIDIA Corp.,Technology,394.19,397.04,364.73,375.97,370.33,5933756,-4.098,2100,65.4,0.08,0.92,47.79,0.499,74,HOLD
2023-03-20,PFE,Pfizer Inc.,Healthcare,27.51,28.32,27.33,28.31,27.88,3209994,3.33,170,14.1,5.4,0.89,61.17,0.443,80,HOLD
2023-03-20,TSLA,Tesla Inc.,Consumer Discretionary,238.93,241.44,216.7,223.59,220.24,12670998,-5.021,780,72.3,0.0,1.09,53.74,0.716,62,HOLD
2023-03-20,XOM,Exxon Mobil Corp.,Energy,103.71,105.51,102.14,102.55,101.01,5636211,-0.696,440,12.2,3.65,0.97,60.72,0.506,58,HOLD
2023-03-21,AAPL,Apple Inc.,Technology,217.11,227.8,215.34,226.15,222.76,9345832,2.783,2800,29.5,0.55,1.0,37.14,0.541,78,BUY
2023-03-21,AMZN,Amazon.com Inc.,Consumer Discretionary,149.46,152.03,149.08,151.25,148.99,9886315,1.712,1850,42.0,0.0,0.85,54.29,0.511,65,HOLD
2023-03-21,BAC,Bank of America Corp.,Financials,33.32,33.92,32.64,33.83,33.32,2084696,1.005,270,10.4,2.9,0.9,53.42,0.351,69,HOLD
2023-03-21,JNJ,Johnson & Johnson,Healthcare,165.56,165.91,162.97,164.71,162.24,5405166,-0.227,410,15.6,3.1,0.92,49.21,0.495,82,HOLD
2023-03-21,JPM,JPMorgan Chase & Co.,Financials,157.07,159.48,156.46,156.83,154.48,5574771,-0.055,540,11.8,2.45,0.99,38.12,0.778,71,BUY
2023-03-21,MSFT,Microsoft Corp.,Technology,326.34,329.17,323.89,325.39,320.51,4672204,-0.288,2600,33.2,0.72,1.07,57.28,1.0,85,HOLD
2023-03-21,NVDA,NVIDIA Corp.,Technology,375.16,381.96,364.0,366.01,360.52,8692182,-2.65,2100,65.4,0.08,1.08,43.69,0.459,74,BUY
2023-03-21,PFE,Pfizer Inc.,Healthcare,28.16,28.65,28.04,28.57,28.14,4151179,0.924,170,14.1,5.4,0.91,43.75,0.746,80,BUY
2023-03-21,TSLA,Tesla Inc.,Consumer Discretionary,224.27,237.61,223.31,236.87,233.31,11450759,5.935,780,72.3,0.0,0.82,48.75,0.322,62,HOLD
2023-03-21,XOM,Exxon Mobil Corp.,Energy,101.61,104.68,100.7,104.51,102.94,4579594,1.915,440,12.2,3.65,1.1,39.64,0.544,58,BUY
2023-03-22,AAPL,Apple Inc.,Technology,227.23,233.12,224.2,233.11,229.61,10270789,3.077,2800,29.5,0.55,1.18,73.32,0.395,78,SELL
2023-03-22,AMZN,Amazon.com Inc.,Consumer Discretionary,150.95,157.18,150.57,152.93,150.63,9192248,1.106,1850,42.0,0.0,0.94,53.73,0.407,65,HOLD
2023-03-22,BAC,Bank of America Corp.,Financials,33.8,34.6,33.72,34.43,33.92,4811085,1.779,270,10.4,2.9,0.86,43.21,0.804,69,BUY
2023-03-22,JNJ,Johnson & Johnson,Healthcare,163.89,166.34,163.39,165.61,163.13,4017037,0.547,410,15.6,3.1,0.68,34.2,0.533,82,BUY
2023-03-22,JPM,JPMorgan Chase & Co.,Financials,156.27,157.77,155.74,157.66,155.3,1506378,0.531,540,11.8,2.45,0.77,55.17,0.149,71,HOLD
2023-03-22,MSFT,Microsoft Corp.,Technology,324.22,327.46,322.15,326.63,321.73,5506409,0.381,2600,33.2,0.72,1.09,78.62,0.554,85,SELL
2023-03-22,NVDA,NVIDIA Corp.,Technology,370.64,371.08,341.53,343.8,338.64,9687680,-6.07,2100,65.4,0.08,1.32,27.76,0.543,74,STRONG_BUY
2023-03-22,PFE,Pfizer Inc.,Healthcare,28.25,28.73,28.21,28.69,28.26,2089740,0.414,170,14.1,5.4,0.88,63.34,0.383,80,HOLD
2023-03-22,TSLA,Tesla Inc.,Consumer Discretionary,234.21,234.71,227.17,229.06,225.62,10573734,-3.297,780,72.3,0.0,0.68,44.91,0.416,62,BUY
2023-03-22,XOM,Exxon Mobil Corp.,Energy,104.6,105.1,102.14,102.8,101.26,701713,-1.639,440,12.2,3.65,0.94,47.74,0.313,58,HOLD
2023-03-23,AAPL,Apple Inc.,Technology,232.27,235.18,228.84,231.57,228.1,3301778,-0.659,2800,29.5,0.55,1.12,52.39,0.719,78,HOLD
2023-03-23,AMZN,Amazon.com Inc.,Consumer Discretionary,153.16,155.57,150.16,155.5,153.17,12711298,1.684,1850,42.0,0.0,1.05,36.41,0.818,65,BUY
2023-03-23,BAC,Bank of America Corp.,Financials,34.53,35.43,33.64,33.72,33.21,4161619,-2.078,270,10.4,2.9,0.96,58.86,0.54,69,HOLD
2023-03-23,JNJ,Johnson & Johnson,Healthcare,166.19,166.69,165.58,166.28,163.78,100431,0.401,410,15.6,3.1,0.81,52.42,0.748,82,HOLD
2023-03-23,JPM,JPMorgan Chase & Co.,Financials,156.66,157.04,154.93,156.69,154.34,3702498,-0.613,540,11.8,2.45,0.55,60.35,0.762,71,HOLD
2023-03-23,MSFT,Microsoft Corp.,Technology,325.61,329.2,319.85,324.68,319.81,5163888,-0.599,2600,33.2,0.72,1.33,62.81,0.517,85,HOLD
2023-03-23,NVDA,NVIDIA Corp.,Technology,344.92,350.55,320.0,324.86,319.99,9153876,-5.508,2100,65.4,0.08,1.11,43.18,0.69,74,BUY
2023-03-23,PFE,Pfizer Inc.,Healthcare,28.74,29.44,28.72,29.13,28.69,7715214,1.529,170,14.1,5.4,0.96,40.41,0.764,80,BUY
2023-03-23,TSLA,Tesla Inc.,Consumer Discretionary,228.67,247.52,228.45,236.18,232.63,9385500,3.108,780,72.3,0.0,0.75,55.54,0.569,62,HOLD
2023-03-23,XOM,Exxon Mobil Corp.,Energy,103.09,103.84,101.19,101.9,100.37,5121064,-0.876,440,12.2,3.65,0.63,43.44,0.386,58,BUY
2023-03-24,AAPL,Apple Inc.,Technology,230.96,232.19,227.17,228.95,225.52,10169825,-1.131,2800,29.5,0.55,1.09,55.79,0.4,78,HOLD
2023-03-24,AMZN,Amazon.com Inc.,Consumer Discretionary,156.2,158.41,151.43,151.98,149.7,11591465,-2.263,1850,42.0,0.0,0.69,55.62,0.538,65,HOLD
2023-03-24,BAC,Bank of America Corp.,Financials,33.55,33.73,33.2,33.72,33.22,5947361,0.01,270,10.4,2.9,0.69,49.26,0.306,69,HOLD
2023-03-24,JNJ,Johnson & Johnson,Healthcare,166.61,169.82,166.5,169.16,166.62,4330713,1.73,410,15.6,3.1,0.82,46.62,0.381,82,HOLD
2023-03-24,JPM,JPMorgan Chase & Co.,Financials,157.68,158.36,157.13,157.81,155.44,5609540,0.713,540,11.8,2.45,0.89,69.75,0.603,71,HOLD
2023-03-24,MSFT,Microsoft Corp.,Technology,324.9,329.1,319.98,322.3,317.46,3624057,-0.733,2600,33.2,0.72,0.99,21.87,0.39,85,BUY
2023-03-24,NVDA,NVIDIA Corp.,Technology,326.32,333.21,322.61,329.48,324.54,9612671,1.423,2100,65.4,0.08,1.04,63.79,0.389,74,HOLD
2023-03-24,PFE,Pfizer Inc.,Healthcare,29.11,29.66,29.03,29.31,28.87,2827666,0.634,170,14.1,5.4,0.88,64.95,0.711,80,HOLD
2023-03-24,TSLA,Tesla Inc.,Consumer Discretionary,231.67,251.07,231.67,249.23,245.5,12892585,5.529,780,72.3,0.0,0.75,40.25,0.416,62,BUY
2023-03-24,XOM,Exxon Mobil Corp.,Energy,101.11,101.73,100.35,100.67,99.16,683365,-1.208,440,12.2,3.65,0.94,64.94,0.514,58,HOLD
2023-03-27,AAPL,Apple Inc.,Technology,228.85,231.15,228.28,230.65,227.19,7465993,0.742,2800,29.5,0.55,1.13,59.4,0.454,78,HOLD
2023-03-27,AMZN,Amazon.com Inc.,Consumer Discretionary,152.64,154.95,150.58,154.18,151.87,9574840,1.446,1850,42.0,0.0,0.85,72.45,0.613,65,SELL
2023-03-27,BAC,Bank of America Corp.,Financials,33.6,34.84,33.53,34.29,33.77,3178859,1.683,270,10.4,2.9,1.15,41.78,0.517,69,BUY
2023-03-27,JNJ,Johnson & Johnson,Healthcare,169.5,170.31,164.41,165.63,163.15,5647086,-2.082,410,15.6,3.1,1.06,70.07,0.411,82,SELL
2023-03-27,JPM,JPMorgan Chase & Co.,Financials,156.68,161.13,155.15,160.29,157.89,6180327,1.573,540,11.8,2.45,0.94,37.2,0.644,71,BUY
2023-03-27,MSFT,Microsoft Corp.,Technology,321.54,331.62,321.1,330.27,325.32,5716967,2.474,2600,33.2,0.72,0.84,68.47,0.758,85,HOLD
2023-03-27,NVDA,NVIDIA Corp.,Technology,327.03,336.81,323.59,336.76,331.7,3237414,2.208,2100,65.4,0.08,0.74,61.42,0.428,74,HOLD
2023-03-27,PFE,Pfizer Inc.,Healthcare,29.33,29.59,29.26,29.52,29.07,1249143,0.705,170,14.1,5.4,0.96,50.45,0.758,80,HOLD
2023-03-27,TSLA,Tesla Inc.,Consumer Discretionary,248.27,256.44,242.09,252.26,248.47,11465500,1.213,780,72.3,0.0,0.66,70.32,0.3,62,SELL
2023-03-27,XOM,Exxon Mobil Corp.,Energy,100.46,101.02,99.92,100.88,99.37,2598867,0.216,440,12.2,3.65,0.99,43.84,0.66,58,BUY
2023-03-28,AAPL,Apple Inc.,Technology,231.33,232.71,222.66,223.81,220.46,7328592,-2.965,2800,29.5,0.55,1.11,29.21,0.225,78,BUY
2023-03-28,AMZN,Amazon.com Inc.,Consumer Discretionary,155.36,157.53,147.86,149.91,147.66,14751668,-2.77,1850,42.0,0.0,0.78,57.86,0.524,65,HOLD
2023-03-28,BAC,Bank of America Corp.,Financials,34.0,34.97,33.96,34.42,33.91,4976621,0.389,270,10.4,2.9,0.65,56.31,0.4,69,HOLD
2023-03-28,JNJ,Johnson & Johnson,Healthcare,165.55,167.03,164.42,166.72,164.22,2908874,0.655,410,15.6,3.1,0.53,47.67,0.433,82,HOLD
2023-03-28,JPM,JPMorgan Chase & Co.,Financials,160.57,162.39,160.14,162.27,159.83,4452459,1.23,540,11.8,2.45,0.93,70.13,0.781,71,SELL
2023-03-28,MSFT,Microsoft Corp.,Technology,330.64,336.69,329.88,334.15,329.13,3142587,1.173,2600,33.2,0.72,1.12,35.99,0.615,85,BUY
2023-03-28,NVDA,NVIDIA Corp.,Technology,337.77,354.62,335.3,351.21,345.94,8393183,4.292,2100,65.4,0.08,0.84,35.84,0.425,74,BUY
2023-03-28,PFE,Pfizer Inc.,Healthcare,29.29,30.58,29.28,30.44,29.98,3794927,3.118,170,14.1,5.4,0.89,37.19,0.731,80,BUY
2023-03-28,TSLA,Tesla Inc.,Consumer Discretionary,251.32,266.04,249.15,264.54,260.57,15160687,4.87,780,72.3,0.0,0.61,42.23,0.624,62,BUY
2023-03-28,XOM,Exxon Mobil Corp.,Energy,101.22,101.93,99.8,100.44,98.93,4412762,-0.439,440,12.2,3.65,0.71,59.53,0.515,58,HOLD
2023-03-29,AAPL,Apple Inc.,Technology,224.78,227.08,217.24,217.76,214.5,19743220,-2.704,2800,29.5,0.55,1.04,49.92,0.26,78,HOLD
2023-03-29,AMZN,Amazon.com Inc.,Consumer Discretionary,148.83,152.53,147.81,151.81,149.53,11499145,1.266,1850,42.0,0.0,0.77,60.32,0.191,65,HOLD
2023-03-29,BAC,Bank of America Corp.,Financials,34.47,34.72,32.8,33.16,32.66,4950239,-3.674,270,10.4,2.9,0.72,74.38,0.559,69,SELL
2023-03-29,JNJ,Johnson & Johnson,Healthcare,166.75,168.37,164.29,164.47,162.0,6796192,-1.351,410,15.6,3.1,0.7,34.07,0.373,82,BUY
2023-03-29,JPM,JPMorgan Chase & Co.,Financials,162.57,164.81,161.01,163.78,161.32,4279279,0.933,540,11.8,2.45,0.78,53.1,0.535,71,HOLD
2023-03-29,MSFT,Microsoft Corp.,Technology,333.11,340.25,323.94,325.21,320.33,1256853,-2.675,2600,33.2,0.72,1.29,63.98,0.682,85,HOLD
2023-03-29,NVDA,NVIDIA Corp.,Technology,348.31,372.07,341.97,368.97,363.43,11831882,5.057,2100,65.4,0.08,1.19,47.62,0.491,74,HOLD
2023-03-29,PFE,Pfizer Inc.,Healthcare,30.3,30.97,30.16,30.82,30.36,4627102,1.266,170,14.1,5.4,0.92,35.18,0.608,80,BUY
2023-03-29,TSLA,Tesla Inc.,Consumer Discretionary,261.43,271.46,260.3,268.44,264.41,15450865,1.473,780,72.3,0.0,0.92,32.35,0.362,62,BUY
2023-03-29,XOM,Exxon Mobil Corp.,Energy,100.18,101.3,99.97,100.04,98.54,5212429,-0.401,440,12.2,3.65,0.84,25.3,0.815,58,STRONG_BUY
2023-03-30,AAPL,Apple Inc.,Technology,217.08,223.46,214.88,221.79,218.47,11854314,1.851,2800,29.5,0.55,0.98,17.4,0.809,78,STRONG_BUY
2023-03-30,AMZN,Amazon.com Inc.,Consumer Discretionary,150.65,152.61,148.74,151.47,149.2,8303800,-0.22,1850,42.0,0.0,0.9,36.94,0.576,65,BUY
2023-03-30,BAC,Bank of America Corp.,Financials,33.17,33.63,31.5,32.19,31.7,4416446,-2.93,270,10.4,2.9,0.83,48.01,0.575,69,HOLD
2023-03-30,JNJ,Johnson & Johnson,Healthcare,164.43,170.25,163.16,169.44,166.89,3691974,3.022,410,15.6,3.1,0.81,53.44,0.527,82,HOLD
2023-03-30,JPM,JPMorgan Chase & Co.,Financials,164.16,164.2,160.1,161.91,159.48,4588979,-1.143,540,11.8,2.45,0.85,64.34,0.446,71,HOLD
2023-03-30,MSFT,Microsoft Corp.,Technology,327.98,331.11,319.61,321.97,317.14,5400815,-0.994,2600,33.2,0.72,1.06,71.49,0.429,85,SELL
2023-03-30,NVDA,NVIDIA Corp.,Technology,367.19,372.92,348.89,351.8,346.52,13424477,-4.654,2100,65.4,0.08,1.05,36.55,0.644,74,BUY
2023-03-30,PFE,Pfizer Inc.,Healthcare,30.82,31.31,30.61,31.12,30.65,1508785,0.96,170,14.1,5.4,0.84,41.27,0.454,80,BUY
2023-03-30,TSLA,Tesla Inc.,Consumer Discretionary,268.34,283.23,268.12,282.05,277.82,100000,5.069,780,72.3,0.0,0.9,58.87,0.839,62,HOLD
2023-03-30,XOM,Exxon Mobil Corp.,Energy,99.99,100.31,98.0,99.33,97.84,3234832,-0.711,440,12.2,3.65,1.18,69.2,0.532,58,HOLD
2023-03-31,AAPL,Apple Inc.,Technology,221.9,223.54,218.75,222.56,219.22,9580521,0.346,2800,29.5,0.55,1.19,43.68,0.57,78,BUY
2023-03-31,AMZN,Amazon.com Inc.,Consumer Discretionary,150.59,153.31,144.95,147.06,144.86,11681135,-2.91,1850,42.0,0.0,1.12,55.23,0.505,65,HOLD
2023-03-31,BAC,Bank of America Corp.,Financials,32.21,32.32,31.32,31.51,31.04,6677817,-2.096,270,10.4,2.9,1.03,51.05,0.159,69,HOLD
2023-03-31,JNJ,Johnson & Johnson,Healthcare,170.04,170.21,167.62,169.42,166.88,5535159,-0.008,410,15.6,3.1,0.71,25.82,0.188,82,BUY
2023-03-31,JPM,JPMorgan Chase & Co.,Financials,162.37,162.9,158.18,159.17,156.78,6053622,-1.691,540,11.8,2.45,0.57,44.89,0.647,71,BUY
2023-03-31,MSFT,Microsoft Corp.,Technology,320.9,325.61,309.8,312.73,308.04,6219905,-2.871,2600,33.2,0.72,1.32,38.18,0.69,85,BUY
2023-03-31,NVDA,NVIDIA Corp.,Technology,347.94,369.93,346.79,367.71,362.2,12118282,4.525,2100,65.4,0.08,1.13,66.74,0.751,74,HOLD
2023-03-31,PFE,Pfizer Inc.,Healthcare,30.99,31.56,30.95,31.51,31.04,6466338,1.262,170,14.1,5.4,0.78,35.98,0.519,80,BUY
2023-03-31,TSLA,Tesla Inc.,Consumer Discretionary,280.07,294.62,272.39,293.36,288.96,8234880,4.01,780,72.3,0.0,1.11,69.09,0.36,62,HOLD
2023-03-31,XOM,Exxon Mobil Corp.,Energy,100.06,100.65,96.66,98.06,96.59,3957977,-1.275,440,12.2,3.65,1.08,41.86,0.433,58,BUY
2023-04-03,AAPL,Apple Inc.,Technology,222.05,224.81,217.91,224.23,220.87,13048936,0.75,2800,29.5,0.55,1.04,68.82,0.491,78,HOLD
2023-04-03,AMZN,Amazon.com Inc.,Consumer Discretionary,145.34,155.85,144.89,149.4,147.16,5013320,1.587,1850,42.0,0.0,1.09,47.77,0.512,65,HOLD
2023-04-03,BAC,Bank of America Corp.,Financials,31.47,33.28,31.09,32.97,32.48,4306549,4.635,270,10.4,2.9,0.95,17.91,0.398,69,BUY
2023-04-03,JNJ,Johnson & Johnson,Healthcare,169.18,173.12,168.84,171.47,168.9,2823309,1.207,410,15.6,3.1,0.72,45.9,0.674,82,HOLD
2023-04-03,JPM,JPMorgan Chase & Co.,Financials,158.26,160.02,156.64,157.1,154.74,3700305,-1.302,540,11.8,2.45,0.89,61.67,0.618,71,HOLD
2023-04-03,MSFT,Microsoft Corp.,Technology,312.41,313.18,305.41,307.32,302.71,5834432,-1.729,2600,33.2,0.72,1.07,44.13,0.801,85,BUY
2023-04-03,NVDA,NVIDIA Corp.,Technology,365.53,404.4,354.54,394.71,388.79,12494492,7.341,2100,65.4,0.08,1.17,46.79,0.211,74,HOLD
2023-04-03,PFE,Pfizer Inc.,Healthcare,31.39,31.77,30.87,31.61,31.14,2898799,0.322,170,14.1,5.4,0.92,27.42,0.61,80,STRONG_BUY
2023-04-03,TSLA,Tesla Inc.,Consumer Discretionary,287.09,304.02,284.12,301.04,296.52,9325178,2.618,780,72.3,0.0,0.99,40.08,0.309,62,BUY
2023-04-03,XOM,Exxon Mobil Corp.,Energy,98.44,99.7,97.81,99.51,98.02,817558,1.478,440,12.2,3.65,0.73,64.05,0.569,58,HOLD
2023-04-04,AAPL,Apple Inc.,Technology,221.53,223.69,219.85,221.59,218.27,4469118,-1.178,2800,29.5,0.55,1.22,48.65,0.553,78,HOLD
2023-04-04,AMZN,Amazon.com Inc.,Consumer Discretionary,148.28,152.59,147.52,152.3,150.02,10461262,1.943,1850,42.0,0.0,0.6,68.83,0.577,65,HOLD
2023-04-04,BAC,Bank of America Corp.,Financials,32.83,33.42,32.66,32.91,32.41,3090965,-0.201,270,10.4,2.9,0.71,78.06,0.5,69,SELL
2023-04-04,JNJ,Johnson & Johnson,Healthcare,170.53,171.05,170.17,170.97,168.41,4812102,-0.288,410,15.6,3.1,0.86,70.71,0.566,82,SELL
2023-04-04,JPM,JPMorgan Chase & Co.,Financials,157.42,157.58,156.63,157.05,154.69,2700910,-0.029,540,11.8,2.45,0.81,43.97,0.444,71,BUY
2023-04-04,MSFT,Microsoft Corp.,Technology,305.58,316.98,302.47,312.9,308.21,6647942,1.816,2600,33.2,0.72,0.93,51.36,0.467,85,HOLD
2023-04-04,NVDA,NVIDIA Corp.,Technology,396.77,416.15,394.89,406.59,400.49,12322067,3.01,2100,65.4,0.08,1.04,60.21,0.42,74,HOLD
2023-04-04,PFE,Pfizer Inc.,Healthcare,31.45,32.01,31.08,31.99,31.51,4472657,1.208,170,14.1,5.4,0.65,29.3,0.672,80,STRONG_BUY
2023-04-04,TSLA,Tesla Inc.,Consumer Discretionary,301.22,315.8,290.66,307.87,303.25,11706327,2.269,780,72.3,0.0,0.94,56.41,0.857,62,HOLD
2023-04-04,XOM,Exxon Mobil Corp.,Energy,98.7,99.12,95.72,95.93,94.49,3510320,-3.597,440,12.2,3.65,1.03,60.64,0.919,58,HOLD
2023-04-05,AAPL,Apple Inc.,Technology,222.51,225.58,220.22,222.62,219.28,11184737,0.464,2800,29.5,0.55,1.44,60.86,0.475,78,HOLD
2023-04-05,AMZN,Amazon.com Inc.,Consumer Discretionary,152.51,152.83,144.46,147.18,144.97,4522591,-3.365,1850,42.0,0.0,0.9,63.52,0.442,65,HOLD
2023-04-05,BAC,Bank of America Corp.,Financials,33.13,33.2,32.97,33.01,32.51,2455541,0.313,270,10.4,2.9,0.79,54.58,0.698,69,HOLD
2023-04-05,JNJ,Johnson & Johnson,Healthcare,170.87,171.46,170.78,170.9,168.34,3453427,-0.042,410,15.6,3.1,0.76,42.86,0.643,82,BUY
2023-04-05,JPM,JPMorgan Chase & Co.,Financials,156.45,157.18,156.07,156.72,154.37,4487678,-0.209,540,11.8,2.45,1.01,45.17,0.388,71,HOLD
2023-04-05,MSFT,Microsoft Corp.,Technology,312.91,316.87,312.64,315.77,311.03,3876291,0.914,2600,33.2,0.72,1.34,48.38,0.483,85,HOLD
2023-04-05,NVDA,NVIDIA Corp.,Technology,408.35,426.39,400.65,418.47,412.19,15835284,2.921,2100,65.4,0.08,1.37,62.3,0.824,74,HOLD
2023-04-05,PFE,Pfizer Inc.,Healthcare,31.83,32.47,31.74,32.23,31.74,4845198,0.728,170,14.1,5.4,0.77,35.08,0.802,80,BUY
2023-04-05,TSLA,Tesla Inc.,Consumer Discretionary,304.06,308.11,290.59,296.08,291.64,4482918,-3.829,780,72.3,0.0,1.02,57.08,0.621,62,HOLD
2023-04-05,XOM,Exxon Mobil Corp.,Energy,95.84,99.2,94.43,98.31,96.83,2290183,2.48,440,12.2,3.65,0.76,47.51,0.706,58,HOLD
2023-04-06,AAPL,Apple Inc.,Technology,223.1,225.29,219.13,220.75,217.44,15284199,-0.837,2800,29.5,0.55,1.22,47.13,0.622,78,HOLD
2023-04-06,AMZN,Amazon.com Inc.,Consumer Discretionary,147.54,152.14,147.46,151.86,149.58,5984427,3.179,1850,42.0,0.0,0.79,79.63,0.511,65,SELL
2023-04-06,BAC,Bank of America Corp.,Financials,32.81,32.99,31.76,32.06,31.58,1960776,-2.881,270,10.4,2.9,0.8,29.32,0.886,69,STRONG_BUY
2023-04-06,JNJ,Johnson & Johnson,Healthcare,171.2,171.84,168.87,171.74,169.17,1687314,0.492,410,15.6,3.1,0.85,44.98,0.507,82,BUY
2023-04-06,JPM,JPMorgan Chase & Co.,Financials,157.0,162.28,155.38,161.11,158.7,5361664,2.802,540,11.8,2.45,0.89,69.05,0.53,71,HOLD
2023-04-06,MSFT,Microsoft Corp.,Technology,316.11,316.72,313.14,315.42,310.69,1844466,-0.109,2600,33.2,0.72,0.79,59.41,0.282,85,HOLD
2023-04-06,NVDA,NVIDIA Corp.,Technology,415.39,435.95,408.5,430.93,424.46,12165205,2.977,2100,65.4,0.08,1.21,40.68,0.313,74,BUY
2023-04-06,PFE,Pfizer Inc.,Healthcare,32.22,32.33,31.39,31.49,31.02,3012395,-2.273,170,14.1,5.4,1.06,15.59,0.68,80,STRONG_BUY
2023-04-06,TSLA,Tesla Inc.,Consumer Discretionary,297.23,303.63,269.2,276.26,272.12,10209485,-6.693,780,72.3,0.0,0.66,72.4,0.519,62,SELL
2023-04-06,XOM,Exxon Mobil Corp.,Energy,97.68,100.11,95.69,99.22,97.73,3023964,0.925,440,12.2,3.65,0.81,49.48,0.307,58,HOLD
2023-04-07,AAPL,Apple Inc.,Technology,219.59,220.65,218.84,219.77,216.47,12649460,-0.446,2800,29.5,0.55,1.3,64.17,0.384,78,HOLD
2023-04-07,AMZN,Amazon.com Inc.,Consumer Discretionary,150.84,161.06,148.66,159.62,157.23,10550712,5.112,1850,42.0,0.0,0.82,22.99,0.726,65,STRONG_BUY
2023-04-07,BAC,Bank of America Corp.,Financials,31.9,33.93,31.74,33.67,33.16,4340388,5.016,270,10.4,2.9,0.7,60.57,0.465,69,HOLD
2023-04-07,JNJ,Johnson & Johnson,Healthcare,172.01,172.96,169.5,172.4,169.81,5912945,0.381,410,15.6,3.1,0.96,61.61,0.417,82,HOLD
2023-04-07,JPM,JPMorgan Chase & Co.,Financials,160.52,163.15,159.8,162.31,159.87,4303356,0.741,540,11.8,2.45,0.96,48.94,0.495,71,HOLD
2023-04-07,MSFT,Microsoft Corp.,Technology,318.8,325.94,317.52,324.29,319.42,1478519,2.812,2600,33.2,0.72,1.01,40.97,0.452,85,BUY
2023-04-07,NVDA,NVIDIA Corp.,Technology,426.84,440.91,418.31,435.01,428.49,12727721,0.948,2100,65.4,0.08,0.8,46.15,0.543,74,HOLD
2023-04-07,PFE,Pfizer Inc.,Healthcare,31.49,31.94,31.04,31.35,30.88,6777185,-0.443,170,14.1,5.4,0.7,57.84,0.686,80,HOLD
2023-04-07,TSLA,Tesla Inc.,Consumer Discretionary,279.09,292.62,277.28,288.82,284.48,5529201,4.544,780,72.3,0.0,0.79,50.96,0.714,62,HOLD
2023-04-07,XOM,Exxon Mobil Corp.,Energy,99.6,99.97,98.99,99.69,98.2,3119120,0.478,440,12.2,3.65,1.14,40.05,0.291,58,BUY
2023-04-10,AAPL,Apple Inc.,Technology,220.1,222.2,212.42,213.4,210.2,10597079,-2.898,2800,29.5,0.55,0.75,39.53,0.7,78,BUY
2023-04-10,AMZN,Amazon.com Inc.,Consumer Discretionary,159.08,163.36,158.72,162.02,159.59,8439868,1.501,1850,42.0,0.0,0.82,52.05,0.493,65,HOLD
2023-04-10,BAC,Bank of America Corp.,Financials,33.24,33.47,33.09,33.16,32.67,5515295,-1.492,270,10.4,2.9,0.99,34.66,0.323,69,BUY
2023-04-10,JNJ,Johnson & Johnson,Healthcare,171.77,173.69,170.98,171.32,168.75,2911453,-0.624,410,15.6,3.1,0.7,47.97,0.759,82,HOLD
2023-04-10,JPM,JPMorgan Chase & Co.,Financials,160.99,162.19,157.6,158.46,156.08,4185061,-2.371,540,11.8,2.45,0.98,39.59,0.529,71,BUY
2023-04-10,MSFT,Microsoft Corp.,Technology,322.94,323.1,316.62,317.87,313.11,5345990,-1.978,2600,33.2,0.72,0.93,49.59,0.222,85,HOLD
2023-04-10,NVDA,NVIDIA Corp.,Technology,433.67,434.2,430.71,432.6,426.11,15051513,-0.554,2100,65.4,0.08,0.97,44.36,0.153,74,BUY
2023-04-10,PFE,Pfizer Inc.,Healthcare,31.53,31.55,30.99,31.0,30.54,6283561,-1.127,170,14.1,5.4,0.75,61.59,0.418,80,HOLD
2023-04-10,TSLA,Tesla Inc.,Consumer Discretionary,287.84,315.75,281.59,309.26,304.62,10587518,7.079,780,72.3,0.0,0.98,25.13,0.479,62,BUY
2023-04-10,XOM,Exxon Mobil Corp.,Energy,98.97,100.28,97.24,97.42,95.96,3424008,-2.281,440,12.2,3.65,0.67,44.12,0.617,58,BUY
2023-04-11,AAPL,Apple Inc.,Technology,212.1,219.28,211.86,214.56,211.34,10382881,0.544,2800,29.5,0.55,1.13,58.73,0.681,78,HOLD
2023-04-11,AMZN,Amazon.com Inc.,Consumer Discretionary,163.2,163.73,157.51,158.2,155.83,7177216,-2.357,1850,42.0,0.0,0.62,49.53,0.467,65,HOLD
2023-04-11,BAC,Bank of America Corp.,Financials,33.06,33.25,32.66,32.86,32.36,3085151,-0.923,270,10.4,2.9,0.88,43.1,0.48,69,BUY
2023-04-11,JNJ,Johnson & Johnson,Healthcare,170.56,173.13,170.45,172.42,169.84,6657042,0.643,410,15.6,3.1,0.86,67.19,0.53,82,HOLD
2023-04-11,JPM,JPMorgan Chase & Co.,Financials,158.3,160.99,157.37,159.43,157.04,5221954,0.615,540,11.8,2.45,0.8,50.89,0.376,71,HOLD
2023-04-11,MSFT,Microsoft Corp.,Technology,317.44,320.23,300.35,305.13,300.55,2278630,-4.008,2600,33.2,0.72,1.08,45.49,0.639,85,HOLD
2023-04-11,NVDA,NVIDIA Corp.,Technology,436.5,436.58,415.35,435.33,428.8,4159902,0.631,2100,65.4,0.08,1.22,49.58,0.741,74,HOLD
2023-04-11,PFE,Pfizer Inc.,Healthcare,31.15,31.74,30.08,30.19,29.73,6653208,-2.63,170,14.1,5.4,0.8,32.79,0.503,80,BUY
2023-04-11,TSLA,Tesla Inc.,Consumer Discretionary,317.58,331.27,285.53,286.56,282.26,5553291,-7.342,780,72.3,0.0,0.83,50.49,0.723,62,HOLD
2023-04-11,XOM,Exxon Mobil Corp.,Energy,97.39,98.81,92.18,94.14,92.73,2648064,-3.367,440,12.2,3.65,0.81,55.61,0.521,58,HOLD
2023-04-12,AAPL,Apple Inc.,Technology,213.24,218.22,209.62,215.61,212.38,10643591,0.49,2800,29.5,0.55,1.22,50.74,0.568,78,HOLD
2023-04-12,AMZN,Amazon.com Inc.,Consumer Discretionary,157.63,158.89,153.66,155.34,153.01,7286983,-1.805,1850,42.0,0.0,0.68,54.18,0.424,65,HOLD
2023-04-12,BAC,Bank of America Corp.,Financials,33.06,33.2,31.63,32.11,31.63,5097554,-2.272,270,10.4,2.9,0.7,53.35,0.322,69,HOLD
2023-04-12,JNJ,Johnson & Johnson,Healthcare,171.35,175.35,170.35,174.74,172.12,3020975,1.345,410,15.6,3.1,0.78,41.38,0.625,82,BUY
2023-04-12,JPM,JPMorgan Chase & Co.,Financials,159.23,160.9,157.87,160.12,157.72,6280513,0.43,540,11.8,2.45,0.92,48.58,0.261,71,HOLD
2023-04-12,MSFT,Microsoft Corp.,Technology,305.48,306.13,293.6,297.81,293.34,3493531,-2.399,2600,33.2,0.72,1.23,42.68,0.6,85,BUY
2023-04-12,NVDA,NVIDIA Corp.,Technology,439.66,453.04,419.96,421.61,415.28,10389468,-3.153,2100,65.4,0.08,1.27,68.55,0.577,74,HOLD
2023-04-12,PFE,Pfizer Inc.,Healthcare,30.28,30.75,30.27,30.55,30.09,5448104,1.209,170,14.1,5.4,0.76,68.09,0.723,80,HOLD
2023-04-12,TSLA,Tesla Inc.,Consumer Discretionary,289.82,292.67,280.43,284.03,279.77,13579661,-0.882,780,72.3,0.0,0.77,55.76,0.605,62,HOLD
2023-04-12,XOM,Exxon Mobil Corp.,Energy,93.98,94.11,92.93,93.43,92.03,2814888,-0.755,440,12.2,3.65,1.0,68.36,0.808,58,HOLD
2023-04-13,AAPL,Apple Inc.,Technology,216.89,220.19,212.94,215.92,212.68,9446972,0.14,2800,29.5,0.55,0.85,37.83,0.473,78,BUY
2023-04-13,AMZN,Amazon.com Inc.,Consumer Discretionary,156.54,160.65,154.44,158.91,156.52,6125953,2.295,1850,42.0,0.0,0.66,44.34,0.79,65,BUY
2023-04-13,BAC,Bank of America Corp.,Financials,31.87,32.9,31.41,32.49,32.0,2967668,1.183,270,10.4,2.9,0.8,20.28,0.4,69,BUY
2023-04-13,JNJ,Johnson & Johnson,Healthcare,174.2,176.26,173.55,176.21,173.57,1108576,0.843,410,15.6,3.1,0.55,48.04,0.932,82,HOLD
2023-04-13,JPM,JPMorgan Chase & Co.,Financials,159.29,163.74,159.28,162.09,159.66,3165024,1.233,540,11.8,2.45,0.76,63.32,0.496,71,HOLD
2023-04-13,MSFT,Microsoft Corp.,Technology,297.77,302.43,297.65,299.73,295.23,1517754,0.643,2600,33.2,0.72,1.0,39.32,0.777,85,BUY
2023-04-13,NVDA,NVIDIA Corp.,Technology,418.73,426.68,400.47,409.89,403.74,9166613,-2.779,2100,65.4,0.08,1.28,39.34,0.558,74,BUY
2023-04-13,PFE,Pfizer Inc.,Healthcare,30.58,30.69,30.22,30.46,30.0,1557335,-0.31,170,14.1,5.4,0.88,47.47,0.36,80,HOLD
2023-04-13,TSLA,Tesla Inc.,Consumer Discretionary,282.57,286.67,245.87,247.71,243.99,8368204,-12.787,780,72.3,0.0,0.93,66.05,0.363,62,HOLD
2023-04-13,XOM,Exxon Mobil Corp.,Energy,94.16,94.36,93.73,94.09,92.68,4747573,0.707,440,12.2,3.65,0.83,48.68,0.23,58,HOLD
2023-04-14,AAPL,Apple Inc.,Technology,216.65,219.13,213.53,215.11,211.88,4740322,-0.374,2800,29.5,0.55,1.08,36.24,0.503,78,BUY
2023-04-14,AMZN,Amazon.com Inc.,Consumer Discretionary,159.44,159.58,157.32,157.57,155.21,8308893,-0.84,1850,42.0,0.0,0.94,60.28,0.315,65,HOLD
2023-04-14,BAC,Bank of America Corp.,Financials,32.25,32.55,31.63,31.74,31.26,5666492,-2.324,270,10.4,2.9,0.77,66.31,0.833,69,HOLD
2023-04-14,JNJ,Johnson & Johnson,Healthcare,175.97,180.56,175.13,180.33,177.63,3873709,2.337,410,15.6,3.1,0.96,74.05,0.639,82,SELL
2023-04-14,JPM,JPMorgan Chase & Co.,Financials,161.64,161.67,161.46,161.58,159.16,2338366,-0.316,540,11.8,2.45,0.82,47.26,0.496,71,HOLD
2023-04-14,MSFT,Microsoft Corp.,Technology,296.25,307.54,295.61,301.0,296.48,5671538,0.425,2600,33.2,0.72,1.32,57.81,0.489,85,HOLD
2023-04-14,NVDA,NVIDIA Corp.,Technology,412.68,417.7,382.45,384.21,378.45,15373020,-6.264,2100,65.4,0.08,1.14,46.71,0.432,74,HOLD
2023-04-14,PFE,Pfizer Inc.,Healthcare,30.39,30.68,30.22,30.35,29.9,6400375,-0.345,170,14.1,5.4,0.9,45.36,0.755,80,HOLD
2023-04-14,TSLA,Tesla Inc.,Consumer Discretionary,249.87,253.44,243.63,244.35,240.68,8571012,-1.357,780,72.3,0.0,0.79,62.61,0.506,62,HOLD
2023-04-14,XOM,Exxon Mobil Corp.,Energy,93.11,93.58,92.83,93.35,91.95,5254396,-0.784,440,12.2,3.65,0.85,61.88,0.576,58,HOLD
2023-04-17,AAPL,Apple Inc.,Technology,215.05,215.49,203.47,204.75,201.68,16471346,-4.814,2800,29.5,0.55,0.93,48.24,0.753,78,HOLD
2023-04-17,AMZN,Amazon.com Inc.,Consumer Discretionary,157.17,158.13,151.17,154.66,152.34,12118915,-1.847,1850,42.0,0.0,0.69,59.43,0.635,65,HOLD
2023-04-17,BAC,Bank of America Corp.,Financials,31.91,31.93,31.09,31.77,31.29,3787245,0.104,270,10.4,2.9,0.79,39.49,0.741,69,BUY
2023-04-17,JNJ,Johnson & Johnson,Healthcare,179.83,183.76,179.67,182.02,179.29,4393722,0.935,410,15.6,3.1,1.02,34.21,0.818,82,BUY
2023-04-17,JPM,JPMorgan Chase & Co.,Financials,160.91,162.13,160.03,162.12,159.69,3736434,0.333,540,11.8,2.45,0.99,66.3,0.765,71,HOLD
2023-04-17,MSFT,Microsoft Corp.,Technology,300.78,301.25,297.45,300.17,295.67,4830979,-0.276,2600,33.2,0.72,1.13,61.18,0.021,85,HOLD
2023-04-17,NVDA,NVIDIA Corp.,Technology,389.21,396.5,372.3,373.1,367.51,10278592,-2.892,2100,65.4,0.08,1.1,39.94,0.65,74,BUY
2023-04-17,PFE,Pfizer Inc.,Healthcare,30.58,30.73,30.43,30.65,30.19,3550902,0.998,170,14.1,5.4,0.85,42.43,0.305,80,BUY
2023-04-17,TSLA,Tesla Inc.,Consumer Discretionary,249.3,251.59,226.5,226.68,223.28,13173919,-7.229,780,72.3,0.0,0.83,42.69,0.289,62,BUY
2023-04-17,XOM,Exxon Mobil Corp.,Energy,93.42,95.61,92.14,94.63,93.21,4149107,1.371,440,12.2,3.65,0.96,64.87,0.452,58,HOLD
2023-04-18,AAPL,Apple Inc.,Technology,204.93,206.18,204.56,204.84,201.77,7261097,0.041,2800,29.5,0.55,1.12,50.39,0.671,78,HOLD
2023-04-18,AMZN,Amazon.com Inc.,Consumer Discretionary,155.5,158.0,153.21,153.35,151.05,5864825,-0.848,1850,42.0,0.0,0.89,51.46,0.101,65,HOLD
2023-04-18,BAC,Bank of America Corp.,Financials,31.75,31.96,29.94,30.4,29.94,4141446,-4.319,270,10.4,2.9,0.86,50.33,0.635,69,HOLD
2023-04-18,JNJ,Johnson & Johnson,Healthcare,183.04,184.79,179.25,179.33,176.64,1521658,-1.475,410,15.6,3.1,0.6,29.27,0.354,82,BUY
2023-04-18,JPM,JPMorgan Chase & Co.,Financials,161.18,165.51,160.49,165.28,162.8,4199991,1.95,540,11.8,2.45,0.83,70.84,0.552,71,SELL
2023-04-18,MSFT,Microsoft Corp.,Technology,299.82,312.05,297.18,309.69,305.04,3426055,3.171,2600,33.2,0.72,1.02,68.04,0.416,85,HOLD
2023-04-18,NVDA,NVIDIA Corp.,Technology,367.41,398.86,363.91,390.18,384.33,9009896,4.578,2100,65.4,0.08,1.14,51.56,0.439,74,HOLD
2023-04-18,PFE,Pfizer Inc.,Healthcare,30.55,30.95,30.55,30.85,30.38,1824894,0.625,170,14.1,5.4,0.72,47.57,0.575,80,HOLD
2023-04-18,TSLA,Tesla Inc.,Consumer Discretionary,229.07,238.93,218.2,233.52,230.01,10967157,3.015,780,72.3,0.0,0.92,58.96,0.622,62,HOLD
2023-04-18,XOM,Exxon Mobil Corp.,Energy,94.51,95.37,91.97,92.37,90.98,3735495,-2.392,440,12.2,3.65,0.78,62.84,0.601,58,HOLD
2023-04-19,AAPL,Apple Inc.,Technology,204.24,206.11,204.04,204.8,201.73,9107579,-0.019,2800,29.5,0.55,1.26,14.89,0.821,78,STRONG_BUY
2023-04-19,AMZN,Amazon.com Inc.,Consumer Discretionary,155.08,155.16,149.27,149.67,147.42,5802784,-2.401,1850,42.0,0.0,0.69,59.62,0.631,65,HOLD
2023-04-19,BAC,Bank of America Corp.,Financials,30.11,30.99,29.82,30.82,30.36,5753197,1.396,270,10.4,2.9,0.86,61.02,0.579,69,HOLD
2023-04-19,JNJ,Johnson & Johnson,Healthcare,181.18,181.19,177.9,179.0,176.32,3919643,-0.185,410,15.6,3.1,0.95,54.25,0.541,82,HOLD
2023-04-19,JPM,JPMorgan Chase & Co.,Financials,166.19,166.57,165.1,166.32,163.83,6289092,0.63,540,11.8,2.45,0.81,36.71,0.786,71,BUY
2023-04-19,MSFT,Microsoft Corp.,Technology,310.45,316.36,309.17,314.54,309.82,3101925,1.565,2600,33.2,0.72,1.21,63.21,0.628,85,HOLD
2023-04-19,NVDA,NVIDIA Corp.,Technology,391.45,414.13,384.72,406.28,400.19,15867375,4.126,2100,65.4,0.08,1.27,35.85,0.38,74,BUY
2023-04-19,PFE,Pfizer Inc.,Healthcare,30.85,31.32,30.8,31.1,30.64,3506564,0.83,170,14.1,5.4,1.02,50.69,0.937,80,HOLD
2023-04-19,TSLA,Tesla Inc.,Consumer Discretionary,233.18,246.38,231.48,243.41,239.76,6769246,4.237,780,72.3,0.0,0.6,50.93,0.501,62,HOLD
2023-04-19,XOM,Exxon Mobil Corp.,Energy,92.13,93.73,91.65,92.39,91.01,2907433,0.03,440,12.2,3.65,0.98,47.04,0.571,58,HOLD
2023-04-20,AAPL,Apple Inc.,Technology,205.02,205.56,200.08,200.54,197.53,9475427,-2.08,2800,29.5,0.55,0.9,63.67,0.645,78,HOLD
2023-04-20,AMZN,Amazon.com Inc.,Consumer Discretionary,149.22,152.19,145.49,146.94,144.73,6650216,-1.824,1850,42.0,0.0,0.83,60.78,0.706,65,HOLD
2023-04-20,BAC,Bank of America Corp.,Financials,30.57,31.42,30.33,31.35,30.88,3206715,1.733,270,10.4,2.9,0.75,62.45,0.702,69,HOLD
2023-04-20,JNJ,Johnson & Johnson,Healthcare,178.89,181.92,178.25,180.66,177.95,4565481,0.93,410,15.6,3.1,0.89,56.46,0.529,82,HOLD
2023-04-20,JPM,JPMorgan Chase & Co.,Financials,165.85,166.87,163.36,164.68,162.21,2245159,-0.987,540,11.8,2.45,1.01,48.28,0.554,71,HOLD
2023-04-20,MSFT,Microsoft Corp.,Technology,315.21,319.55,314.68,317.6,312.84,2851662,0.975,2600,33.2,0.72,0.86,29.04,0.546,85,STRONG_BUY
2023-04-20,NVDA,NVIDIA Corp.,Technology,407.56,418.85,390.09,394.53,388.61,13625036,-2.894,2100,65.4,0.08,1.26,52.0,0.698,74,HOLD
2023-04-20,PFE,Pfizer Inc.,Healthcare,31.05,31.11,30.54,30.79,30.33,4002047,-1.009,170,14.1,5.4,0.63,72.22,0.429,80,SELL
2023-04-20,TSLA,Tesla Inc.,Consumer Discretionary,244.2,256.27,233.17,243.19,239.54,14493239,-0.09,780,72.3,0.0,0.95,38.78,1.0,62,BUY
2023-04-20,XOM,Exxon Mobil Corp.,Energy,92.24,94.59,90.54,92.59,91.21,1215443,0.216,440,12.2,3.65,0.74,59.89,0.555,58,HOLD
2023-04-21,AAPL,Apple Inc.,Technology,201.92,205.32,199.87,204.0,200.94,8164179,1.724,2800,29.5,0.55,1.21,34.89,0.638,78,BUY
2023-04-21,AMZN,Amazon.com Inc.,Consumer Discretionary,146.68,149.28,144.05,145.56,143.38,13271291,-0.936,1850,42.0,0.0,0.84,36.36,0.617,65,BUY
2023-04-21,BAC,Bank of America Corp.,Financials,30.98,31.87,30.87,31.42,30.95,5717848,0.215,270,10.4,2.9,1.18,69.42,0.265,69,HOLD
2023-04-21,JNJ,Johnson & Johnson,Healthcare,180.07,180.75,178.45,178.88,176.2,2804647,-0.986,410,15.6,3.1,0.76,61.79,0.434,82,HOLD
2023-04-21,JPM,JPMorgan Chase & Co.,Financials,164.47,166.2,161.2,164.88,162.4,3976745,0.118,540,11.8,2.45,1.11,45.65,0.531,71,HOLD
2023-04-21,MSFT,Microsoft Corp.,Technology,317.13,321.94,313.17,313.7,309.0,4001687,-1.228,2600,33.2,0.72,1.24,61.23,0.403,85,HOLD
2023-04-21,NVDA,NVIDIA Corp.,Technology,396.23,409.45,373.6,379.76,374.07,8734880,-3.742,2100,65.4,0.08,0.95,51.25,0.625,74,HOLD
2023-04-21,PFE,Pfizer Inc.,Healthcare,30.55,31.17,30.45,31.01,30.54,4574536,0.709,170,14.1,5.4,0.91,49.97,0.769,80,HOLD
2023-04-21,TSLA,Tesla Inc.,Consumer Discretionary,243.69,249.78,242.24,242.42,238.78,10572067,-0.318,780,72.3,0.0,1.02,48.98,0.573,62,HOLD
2023-04-21,XOM,Exxon Mobil Corp.,Energy,93.3,93.96,90.73,90.75,89.39,4000446,-1.995,440,12.2,3.65,1.01,55.78,0.45,58,HOLD
2023-04-24,AAPL,Apple Inc.,Technology,202.96,207.51,202.5,207.07,203.96,15762390,1.505,2800,29.5,0.55,0.96,42.8,0.369,78,BUY
2023-04-24,AMZN,Amazon.com Inc.,Consumer Discretionary,147.08,152.37,146.54,149.15,146.91,13017386,2.461,1850,42.0,0.0,0.91,71.65,0.606,65,SELL
2023-04-24,BAC,Bank of America Corp.,Financials,31.39,31.47,31.14,31.25,30.78,5735911,-0.555,270,10.4,2.9,0.95,65.6,0.55,69,HOLD
2023-04-24,JNJ,Johnson & Johnson,Healthcare,178.84,179.85,178.62,178.93,176.25,5666470,0.028,410,15.6,3.1,0.99,65.55,0.737,82,HOLD
2023-04-24,JPM,JPMorgan Chase & Co.,Financials,164.48,168.07,164.0,166.49,163.99,4895864,0.98,540,11.8,2.45,1.03,47.7,0.313,71,HOLD
2023-04-24,MSFT,Microsoft Corp.,Technology,312.64,315.52,310.73,313.02,308.32,5222086,-0.218,2600,33.2,0.72,1.21,49.83,0.437,85,HOLD
2023-04-24,NVDA,NVIDIA Corp.,Technology,380.07,387.25,356.07,369.55,364.0,12300777,-2.691,2100,65.4,0.08,1.1,79.59,0.321,74,SELL
2023-04-24,PFE,Pfizer Inc.,Healthcare,31.01,31.05,30.24,30.61,30.16,3163644,-1.261,170,14.1,5.4,1.12,69.63,0.517,80,HOLD
2023-04-24,TSLA,Tesla Inc.,Consumer Discretionary,246.65,246.96,233.09,238.35,234.78,11485258,-1.677,780,72.3,0.0,0.93,48.58,0.629,62,HOLD
2023-04-24,XOM,Exxon Mobil Corp.,Energy,90.27,93.78,89.83,93.6,92.19,2921696,3.141,440,12.2,3.65,0.76,42.95,0.392,58,BUY
2023-04-25,AAPL,Apple Inc.,Technology,205.67,210.1,205.33,208.37,205.24,8170469,0.627,2800,29.5,0.55,0.89,42.14,0.739,78,BUY
2023-04-25,AMZN,Amazon.com Inc.,Consumer Discretionary,149.43,153.54,148.55,151.35,149.08,9345298,1.48,1850,42.0,0.0,0.88,37.59,0.567,65,BUY
2023-04-25,BAC,Bank of America Corp.,Financials,31.01,31.05,30.37,30.38,29.92,2996797,-2.793,270,10.4,2.9,0.98,59.43,0.696,69,HOLD
2023-04-25,JNJ,Johnson & Johnson,Healthcare,180.01,180.5,179.36,180.42,177.71,3181838,0.831,410,15.6,3.1,0.85,79.77,0.991,82,SELL
2023-04-25,JPM,JPMorgan Chase & Co.,Financials,167.08,168.26,163.67,167.46,164.95,4732512,0.581,540,11.8,2.45,0.43,23.76,0.33,71,BUY
2023-04-25,MSFT,Microsoft Corp.,Technology,310.01,313.4,306.93,311.82,307.14,4083905,-0.383,2600,33.2,0.72,0.9,71.05,0.6,85,SELL
2023-04-25,NVDA,NVIDIA Corp.,Technology,364.06,390.18,360.72,380.5,374.79,14898581,2.964,2100,65.4,0.08,1.08,32.88,0.308,74,BUY
2023-04-25,PFE,Pfizer Inc.,Healthcare,30.69,31.12,30.02,30.51,30.05,3020558,-0.359,170,14.1,5.4,0.6,72.37,0.512,80,SELL
2023-04-25,TSLA,Tesla Inc.,Consumer Discretionary,237.65,255.74,237.18,249.65,245.91,6991890,4.742,780,72.3,0.0,0.94,47.73,0.672,62,HOLD
2023-04-25,XOM,Exxon Mobil Corp.,Energy,93.19,93.4,92.33,92.48,91.09,3557184,-1.197,440,12.2,3.65,0.61,59.11,0.759,58,HOLD
2023-04-26,AAPL,Apple Inc.,Technology,206.78,213.66,202.74,211.29,208.12,3862857,1.401,2800,29.5,0.55,1.1,65.61,0.452,78,HOLD
2023-04-26,AMZN,Amazon.com Inc.,Consumer Discretionary,151.4,151.8,149.61,151.22,148.95,9069466,-0.09,1850,42.0,0.0,0.97,20.61,0.534,65,STRONG_BUY
2023-04-26,BAC,Bank of America Corp.,Financials,30.22,31.87,30.07,31.28,30.81,2123920,2.989,270,10.4,2.9,0.98,90.0,0.511,69,SELL
2023-04-26,JNJ,Johnson & Johnson,Healthcare,180.52,182.47,180.45,182.15,179.41,4606851,0.957,410,15.6,3.1,1.21,64.22,0.189,82,HOLD
2023-04-26,JPM,JPMorgan Chase & Co.,Financials,167.18,171.91,164.1,171.63,169.05,3774473,2.488,540,11.8,2.45,0.82,55.95,0.303,71,HOLD
2023-04-26,MSFT,Microsoft Corp.,Technology,313.32,318.8,308.76,311.98,307.3,3091520,0.053,2600,33.2,0.72,1.22,36.53,0.584,85,BUY
2023-04-26,NVDA,NVIDIA Corp.,Technology,383.45,385.75,355.1,355.99,350.65,12681686,-6.441,2100,65.4,0.08,0.92,69.13,0.732,74,HOLD
2023-04-26,PFE,Pfizer Inc.,Healthcare,30.52,30.72,30.24,30.37,29.92,5781860,-0.436,170,14.1,5.4,0.8,46.29,0.266,80,HOLD
2023-04-26,TSLA,Tesla Inc.,Consumer Discretionary,248.83,254.2,235.79,238.17,234.59,8038059,-4.601,780,72.3,0.0,0.84,72.12,0.455,62,SELL
2023-04-26,XOM,Exxon Mobil Corp.,Energy,92.6,93.33,92.57,93.1,91.71,3434541,0.675,440,12.2,3.65,0.83,46.47,0.704,58,HOLD
2023-04-27,AAPL,Apple Inc.,Technology,211.22,211.81,206.76,209.99,206.84,5281351,-0.615,2800,29.5,0.55,1.07,54.39,0.684,78,HOLD
2023-04-27,AMZN,Amazon.com Inc.,Consumer Discretionary,151.76,154.76,150.35,153.57,151.26,12299145,1.554,1850,42.0,0.0,0.87,52.84,0.42,65,HOLD
2023-04-27,BAC,Bank of America Corp.,Financials,31.48,31.84,31.32,31.75,31.27,5365998,1.487,270,10.4,2.9,0.53,61.6,0.55,69,HOLD
2023-04-27,JNJ,Johnson & Johnson,Healthcare,182.01,185.49,181.31,184.03,181.27,2523413,1.035,410,15.6,3.1,0.97,50.84,0.538,82,HOLD
2023-04-27,JPM,JPMorgan Chase & Co.,Financials,172.08,172.92,169.21,171.8,169.23,3558584,0.104,540,11.8,2.45,0.73,55.45,0.381,71,HOLD
2023-04-27,MSFT,Microsoft Corp.,Technology,312.74,317.15,305.84,314.49,309.77,4549382,0.802,2600,33.2,0.72,0.83,51.64,0.458,85,HOLD
2023-04-27,NVDA,NVIDIA Corp.,Technology,361.43,365.35,352.12,352.89,347.6,8182112,-0.87,2100,65.4,0.08,1.11,58.0,0.489,74,HOLD
2023-04-27,PFE,Pfizer Inc.,Healthcare,30.43,31.71,30.17,31.56,31.09,2010110,3.919,170,14.1,5.4,0.73,16.87,0.865,80,STRONG_BUY
2023-04-27,TSLA,Tesla Inc.,Consumer Discretionary,240.36,245.81,234.72,240.8,237.19,16545485,1.108,780,72.3,0.0,0.97,41.94,0.46,62,BUY
2023-04-27,XOM,Exxon Mobil Corp.,Energy,93.06,94.03,92.02,92.4,91.01,4746655,-0.753,440,12.2,3.65,0.78,28.59,0.487,58,BUY
2023-04-28,AAPL,Apple Inc.,Technology,210.1,213.18,204.18,205.2,202.12,17019509,-2.279,2800,29.5,0.55,1.18,45.43,0.679,78,HOLD
2023-04-28,AMZN,Amazon.com Inc.,Consumer Discretionary,155.17,156.46,149.09,149.31,147.07,16113755,-2.771,1850,42.0,0.0,0.92,28.11,0.179,65,BUY
2023-04-28,BAC,Bank of America Corp.,Financials,31.55,32.04,31.49,31.92,31.44,5418824,0.538,270,10.4,2.9,0.69,53.32,0.768,69,HOLD
2023-04-28,JNJ,Johnson & Johnson,Healthcare,184.02,184.03,182.98,183.94,181.18,2477835,-0.049,410,15.6,3.1,1.01,67.26,0.775,82,HOLD
2023-04-28,JPM,JPMorgan Chase & Co.,Financials,172.3,172.69,168.83,170.21,167.66,4276709,-0.928,540,11.8,2.45,0.46,59.82,0.622,71,HOLD
2023-04-28,MSFT,Microsoft Corp.,Technology,313.06,317.88,313.02,316.3,311.55,5337134,0.576,2600,33.2,0.72,1.27,39.98,0.364,85,BUY
2023-04-28,NVDA,NVIDIA Corp.,Technology,351.22,358.25,350.86,350.99,345.72,2772649,-0.54,2100,65.4,0.08,1.06,39.01,0.427,74,BUY
2023-04-28,PFE,Pfizer Inc.,Healthcare,31.64,32.23,31.01,31.04,30.57,5331562,-1.66,170,14.1,5.4,0.99,28.39,0.372,80,BUY
2023-04-28,TSLA,Tesla Inc.,Consumer Discretionary,242.4,247.42,241.53,247.42,243.71,7171644,2.747,780,72.3,0.0,0.89,42.75,0.636,62,BUY
2023-04-28,XOM,Exxon Mobil Corp.,Energy,92.06,93.43,91.44,91.68,90.31,3865472,-0.775,440,12.2,3.65,0.73,47.32,0.914,58,HOLD
2023-05-01,AAPL,Apple Inc.,Technology,206.29,209.38,204.35,206.23,203.14,3556940,0.501,2800,29.5,0.55,1.1,43.25,0.32,78,BUY
2023-05-01,AMZN,Amazon.com Inc.,Consumer Discretionary,148.71,149.03,139.65,141.68,139.55,13037319,-5.115,1850,42.0,0.0,0.71,39.54,0.591,65,BUY
2023-05-01,BAC,Bank of America Corp.,Financials,31.83,33.02,31.82,32.79,32.3,4608917,2.744,270,10.4,2.9,0.9,59.53,0.479,69,HOLD
2023-05-01,JNJ,Johnson & Johnson,Healthcare,183.93,188.78,183.28,185.76,182.98,3123717,0.99,410,15.6,3.1,0.79,53.71,0.374,82,HOLD
2023-05-01,JPM,JPMorgan Chase & Co.,Financials,169.04,172.41,167.8,171.83,169.25,5151895,0.953,540,11.8,2.45,1.02,61.7,0.377,71,HOLD
2023-05-01,MSFT,Microsoft Corp.,Technology,315.06,316.26,307.45,309.61,304.97,4367585,-2.113,2600,33.2,0.72,1.08,63.91,0.585,85,HOLD
2023-05-01,NVDA,NVIDIA Corp.,Technology,346.42,350.35,320.63,330.98,326.01,8159421,-5.7,2100,65.4,0.08,1.12,57.61,0.582,74,HOLD
2023-05-01,PFE,Pfizer Inc.,Healthcare,31.14,31.2,30.41,30.68,30.22,5430747,-1.145,170,14.1,5.4,0.99,47.25,0.588,80,HOLD
2023-05-01,TSLA,Tesla Inc.,Consumer Discretionary,246.47,269.16,244.85,267.59,263.58,7742864,8.154,780,72.3,0.0,0.65,44.67,0.419,62,BUY
2023-05-01,XOM,Exxon Mobil Corp.,Energy,91.48,92.41,90.08,92.33,90.94,3021058,0.701,440,12.2,3.65,0.89,71.88,0.561,58,SELL
2023-05-02,AAPL,Apple Inc.,Technology,206.45,209.12,203.95,205.02,201.95,4665946,-0.586,2800,29.5,0.55,0.97,70.78,0.406,78,SELL
2023-05-02,AMZN,Amazon.com Inc.,Consumer Discretionary,141.89,144.04,138.54,139.71,137.61,7786360,-1.387,1850,42.0,0.0,0.66,42.3,0.371,65,BUY
2023-05-02,BAC,Bank of America Corp.,Financials,32.59,33.42,32.25,33.33,32.83,3601122,1.636,270,10.4,2.9,0.93,37.65,0.665,69,BUY
2023-05-02,JNJ,Johnson & Johnson,Healthcare,185.31,189.12,184.52,187.94,185.12,4693698,1.171,410,15.6,3.1,0.69,50.12,0.443,82,HOLD
2023-05-02,JPM,JPMorgan Chase & Co.,Financials,171.26,172.34,167.74,169.08,166.54,3055919,-1.604,540,11.8,2.45,0.61,42.87,0.416,71,BUY
2023-05-02,MSFT,Microsoft Corp.,Technology,312.56,316.48,306.13,309.41,304.77,4731141,-0.065,2600,33.2,0.72,1.11,54.68,0.403,85,HOLD
2023-05-02,NVDA,NVIDIA Corp.,Technology,329.25,367.26,321.4,357.0,351.65,7083192,7.863,2100,65.4,0.08,1.05,36.35,0.485,74,BUY
2023-05-02,PFE,Pfizer Inc.,Healthcare,30.89,30.9,30.49,30.53,30.07,2221990,-0.495,170,14.1,5.4,0.66,36.09,0.746,80,BUY
2023-05-02,TSLA,Tesla Inc.,Consumer Discretionary,266.59,286.19,264.64,282.68,278.44,10185642,5.637,780,72.3,0.0,0.86,55.08,0.514,62,HOLD
2023-05-02,XOM,Exxon Mobil Corp.,Energy,91.69,94.49,89.85,93.88,92.47,668112,1.678,440,12.2,3.65,0.9,60.55,0.505,58,HOLD
2023-05-03,AAPL,Apple Inc.,Technology,207.93,208.86,201.26,201.6,198.57,6995747,-1.669,2800,29.5,0.55,1.12,43.94,0.676,78,BUY
2023-05-03,AMZN,Amazon.com Inc.,Consumer Discretionary,140.17,145.43,140.16,144.65,142.48,10221841,3.536,1850,42.0,0.0,0.96,39.22,0.419,65,BUY
2023-05-03,BAC,Bank of America Corp.,Financials,33.22,33.49,32.56,32.71,32.22,3700189,-1.854,270,10.4,2.9,0.61,47.5,0.701,69,HOLD
2023-05-03,JNJ,Johnson & Johnson,Healthcare,188.83,191.22,187.82,190.13,187.27,3369645,1.164,410,15.6,3.1,0.56,55.13,0.414,82,HOLD
2023-05-03,JPM,JPMorgan Chase & Co.,Financials,169.25,170.38,168.33,168.95,166.41,3732778,-0.076,540,11.8,2.45,1.04,59.14,0.514,71,HOLD
2023-05-03,MSFT,Microsoft Corp.,Technology,309.71,311.51,308.92,309.98,305.33,4862079,0.182,2600,33.2,0.72,1.03,50.05,0.767,85,HOLD
2023-05-03,NVDA,NVIDIA Corp.,Technology,361.08,383.18,355.15,381.88,376.15,13870651,6.968,2100,65.4,0.08,1.11,40.57,0.448,74,BUY
2023-05-03,PFE,Pfizer Inc.,Healthcare,30.45,31.15,30.27,30.78,30.32,5600706,0.804,170,14.1,5.4,0.55,55.53,0.583,80,HOLD
2023-05-03,TSLA,Tesla Inc.,Consumer Discretionary,278.72,282.97,261.41,263.76,259.81,8948007,-6.691,780,72.3,0.0,0.86,55.07,0.47,62,HOLD
2023-05-03,XOM,Exxon Mobil Corp.,Energy,94.28,94.98,93.56,93.95,92.54,5753022,0.078,440,12.2,3.65,0.8,46.87,0.528,58,HOLD
2023-05-04,AAPL,Apple Inc.,Technology,202.67,203.32,195.12,195.55,192.62,10629458,-3.001,2800,29.5,0.55,1.09,79.65,0.49,78,SELL
2023-05-04,AMZN,Amazon.com Inc.,Consumer Discretionary,145.87,146.8,141.21,143.56,141.41,13893974,-0.754,1850,42.0,0.0,0.8,35.58,0.685,65,BUY
2023-05-04,BAC,Bank of America Corp.,Financials,32.68,33.67,32.62,33.34,32.84,4193054,1.909,270,10.4,2.9,0.9,63.07,0.902,69,HOLD
2023-05-04,JNJ,Johnson & Johnson,Healthcare,189.63,194.6,188.61,193.27,190.37,3409099,1.652,410,15.6,3.1,0.73,49.89,0.557,82,HOLD
2023-05-04,JPM,JPMorgan Chase & Co.,Financials,169.63,171.16,164.75,165.48,163.0,3442189,-2.054,540,11.8,2.45,0.94,50.28,0.774,71,HOLD
2023-05-04,MSFT,Microsoft Corp.,Technology,310.0,313.58,295.56,296.05,291.61,2033610,-4.492,2600,33.2,0.72,1.05,69.29,0.295,85,HOLD
2023-05-04,NVDA,NVIDIA Corp.,Technology,384.82,389.57,376.86,379.53,373.84,9224089,-0.614,2100,65.4,0.08,1.13,41.41,0.343,74,BUY
2023-05-04,PFE,Pfizer Inc.,Healthcare,30.74,31.22,30.68,31.16,30.69,6576051,1.231,170,14.1,5.4,0.66,45.79,0.712,80,HOLD
2023-05-04,TSLA,Tesla Inc.,Consumer Discretionary,262.34,263.94,242.87,244.2,240.54,5502192,-7.418,780,72.3,0.0,0.8,39.24,0.494,62,BUY
2023-05-04,XOM,Exxon Mobil Corp.,Energy,95.12,96.15,93.92,94.68,93.26,7274111,0.776,440,12.2,3.65,0.84,57.94,0.674,58,HOLD
2023-05-05,AAPL,Apple Inc.,Technology,194.95,199.25,193.25,198.12,195.15,12176334,1.314,2800,29.5,0.55,1.06,41.82,0.267,78,BUY
2023-05-05,AMZN,Amazon.com Inc.,Consumer Discretionary,143.79,147.19,143.17,145.28,143.1,8699882,1.197,1850,42.0,0.0,0.73,38.27,0.23,65,BUY
2023-05-05,BAC,Bank of America Corp.,Financials,33.41,34.2,33.33,33.49,32.99,3555134,0.464,270,10.4,2.9,0.62,67.0,0.571,69,HOLD
2023-05-05,JNJ,Johnson & Johnson,Healthcare,193.42,193.93,191.63,192.38,189.49,5649553,-0.461,410,15.6,3.1,0.78,32.74,0.623,82,BUY
2023-05-05,JPM,JPMorgan Chase & Co.,Financials,165.45,168.47,164.76,167.76,165.24,4573490,1.377,540,11.8,2.45,0.84,53.14,0.614,71,HOLD
2023-05-05,MSFT,Microsoft Corp.,Technology,294.43,301.6,294.26,299.12,294.63,4938672,1.036,2600,33.2,0.72,1.22,30.25,0.357,85,BUY
2023-05-05,NVDA,NVIDIA Corp.,Technology,384.96,399.85,382.47,385.83,380.04,11720003,1.658,2100,65.4,0.08,1.09,54.74,0.653,74,HOLD
2023-05-05,PFE,Pfizer Inc.,Healthcare,30.99,31.62,30.61,31.53,31.06,4095650,1.21,170,14.1,5.4,0.64,84.28,0.573,80,SELL
2023-05-05,TSLA,Tesla Inc.,Consumer Discretionary,240.56,241.26,232.53,236.42,232.87,13173744,-3.186,780,72.3,0.0,0.73,51.02,0.623,62,HOLD
2023-05-05,XOM,Exxon Mobil Corp.,Energy,94.98,98.1,94.76,97.73,96.27,3323130,3.224,440,12.2,3.65,0.84,41.98,0.545,58,BUY
2023-05-08,AAPL,Apple Inc.,Technology,197.88,199.77,193.28,193.49,190.59,12858444,-2.335,2800,29.5,0.55,1.26,70.01,0.661,78,SELL
2023-05-08,AMZN,Amazon.com Inc.,Consumer Discretionary,145.06,146.46,143.73,145.39,143.21,15747952,0.079,1850,42.0,0.0,1.15,42.26,0.731,65,BUY
2023-05-08,BAC,Bank of America Corp.,Financials,33.42,33.68,32.88,33.48,32.98,2986674,-0.034,270,10.4,2.9,1.14,54.12,0.458,69,HOLD
2023-05-08,JNJ,Johnson & Johnson,Healthcare,193.82,196.89,193.72,196.23,193.28,3620032,2.002,410,15.6,3.1,0.85,68.95,0.466,82,HOLD
2023-05-08,JPM,JPMorgan Chase & Co.,Financials,166.93,170.33,165.78,168.12,165.6,4052676,0.217,540,11.8,2.45,0.93,54.78,0.501,71,HOLD
2023-05-08,MSFT,Microsoft Corp.,Technology,300.28,307.96,296.99,305.34,300.76,6167199,2.079,2600,33.2,0.72,1.08,54.69,0.413,85,HOLD
2023-05-08,NVDA,NVIDIA Corp.,Technology,382.81,393.53,379.79,392.89,387.0,19217382,1.831,2100,65.4,0.08,1.17,54.61,0.646,74,HOLD
2023-05-08,PFE,Pfizer Inc.,Healthcare,31.57,32.33,31.33,32.0,31.52,5604654,1.495,170,14.1,5.4,0.9,66.76,0.779,80,HOLD
2023-05-08,TSLA,Tesla Inc.,Consumer Discretionary,237.25,244.81,233.67,240.24,236.63,12820395,1.615,780,72.3,0.0,0.9,56.78,0.558,62,HOLD
2023-05-08,XOM,Exxon Mobil Corp.,Energy,97.66,98.65,95.41,96.89,95.44,4408762,-0.86,440,12.2,3.65,0.93,51.84,0.555,58,HOLD
2023-05-09,AAPL,Apple Inc.,Technology,191.76,194.07,191.4,193.33,190.43,10950525,-0.086,2800,29.5,0.55,1.26,36.87,0.32,78,BUY
2023-05-09,AMZN,Amazon.com Inc.,Consumer Discretionary,146.01,148.14,145.52,147.04,144.83,7909166,1.131,1850,42.0,0.0,0.73,68.76,0.57,65,HOLD
2023-05-09,BAC,Bank of America Corp.,Financials,33.19,34.22,32.96,33.99,33.48,5335719,1.506,270,10.4,2.9,0.8,82.83,0.769,69,SELL
2023-05-09,JNJ,Johnson & Johnson,Healthcare,196.49,197.41,194.03,195.01,192.09,3368175,-0.62,410,15.6,3.1,0.66,40.49,0.367,82,BUY
2023-05-09,JPM,JPMorgan Chase & Co.,Financials,167.91,168.35,164.18,168.25,165.73,4294841,0.077,540,11.8,2.45,0.85,74.3,0.462,71,SELL
2023-05-09,MSFT,Microsoft Corp.,Technology,305.1,305.2,300.37,302.8,298.26,5037154,-0.831,2600,33.2,0.72,0.95,48.8,0.458,85,HOLD
2023-05-09,NVDA,NVIDIA Corp.,Technology,391.37,403.84,379.44,384.56,378.79,8074596,-2.12,2100,65.4,0.08,1.13,63.77,0.524,74,HOLD
2023-05-09,PFE,Pfizer Inc.,Healthcare,32.13,32.18,31.75,31.85,31.37,4592911,-0.473,170,14.1,5.4,0.87,36.26,0.261,80,BUY
2023-05-09,TSLA,Tesla Inc.,Consumer Discretionary,242.09,245.75,239.45,241.55,237.93,11222772,0.548,780,72.3,0.0,1.02,59.11,0.612,62,HOLD
2023-05-09,XOM,Exxon Mobil Corp.,Energy,96.36,96.68,95.09,96.66,95.21,5450282,-0.237,440,12.2,3.65,0.8,59.65,0.704,58,HOLD
2023-05-10,AAPL,Apple Inc.,Technology,193.24,198.16,191.7,197.33,194.37,5081940,2.072,2800,29.5,0.55,1.29,37.41,0.64,78,BUY
2023-05-10,AMZN,Amazon.com Inc.,Consumer Discretionary,147.85,150.98,146.36,149.63,147.38,7887094,1.76,1850,42.0,0.0,0.63,53.51,0.813,65,HOLD
2023-05-10,BAC,Bank of America Corp.,Financials,34.08,35.41,34.08,34.75,34.23,5206750,2.243,270,10.4,2.9,0.91,62.51,0.308,69,HOLD
2023-05-10,JNJ,Johnson & Johnson,Healthcare,193.68,198.51,192.33,196.94,193.98,2773048,0.989,410,15.6,3.1,0.98,55.79,0.672,82,HOLD
2023-05-10,JPM,JPMorgan Chase & Co.,Financials,167.57,169.43,167.43,169.28,166.74,2482301,0.609,540,11.8,2.45,0.93,52.31,0.614,71,HOLD
2023-05-10,MSFT,Microsoft Corp.,Technology,299.3,306.89,299.26,306.7,302.1,4753286,1.286,2600,33.2,0.72,1.13,80.25,0.542,85,SELL
2023-05-10,NVDA,NVIDIA Corp.,Technology,379.21,383.09,371.88,381.1,375.39,13995125,-0.899,2100,65.4,0.08,1.13,69.77,0.449,74,HOLD
2023-05-10,PFE,Pfizer Inc.,Healthcare,31.83,31.87,31.6,31.71,31.23,4508157,-0.453,170,14.1,5.4,0.52,54.76,0.69,80,HOLD
2023-05-10,TSLA,Tesla Inc.,Consumer Discretionary,247.93,251.65,242.08,242.31,238.68,7584862,0.314,780,72.3,0.0,1.07,54.1,0.53,62,HOLD
2023-05-10,XOM,Exxon Mobil Corp.,Energy,96.48,98.87,96.02,97.46,96.0,968133,0.825,440,12.2,3.65,1.04,56.9,0.709,58,HOLD
2023-05-11,AAPL,Apple Inc.,Technology,196.86,199.43,196.4,196.75,193.8,13611455,-0.296,2800,29.5,0.55,1.23,55.74,0.283,78,HOLD
2023-05-11,AMZN,Amazon.com Inc.,Consumer Discretionary,150.08,151.26,143.27,146.15,143.96,15406945,-2.322,1850,42.0,0.0,0.86,71.05,0.659,65,SELL
2023-05-11,BAC,Bank of America Corp.,Financials,35.01,35.04,34.66,34.96,34.44,7698816,0.62,270,10.4,2.9,0.96,52.69,0.658,69,HOLD
2023-05-11,JNJ,Johnson & Johnson,Healthcare,197.37,198.52,194.78,195.37,192.44,5453217,-0.796,410,15.6,3.1,0.78,76.19,0.688,82,SELL
2023-05-11,JPM,JPMorgan Chase & Co.,Financials,169.77,170.39,165.53,166.11,163.62,4002266,-1.871,540,11.8,2.45,0.81,74.46,0.625,71,SELL
2023-05-11,MSFT,Microsoft Corp.,Technology,307.75,311.42,307.71,310.33,305.67,4942005,1.185,2600,33.2,0.72,1.01,47.04,0.657,85,HOLD
2023-05-11,NVDA,NVIDIA Corp.,Technology,386.03,390.18,385.42,386.95,381.14,17953521,1.533,2100,65.4,0.08,0.91,60.03,0.71,74,HOLD
2023-05-11,PFE,Pfizer Inc.,Healthcare,31.74,32.09,31.71,31.96,31.48,3951610,0.806,170,14.1,5.4,0.64,84.84,0.713,80,SELL
2023-05-11,TSLA,Tesla Inc.,Consumer Discretionary,241.05,244.7,234.89,243.44,239.79,14845767,0.466,780,72.3,0.0,0.93,33.22,0.595,62,BUY
2023-05-11,XOM,Exxon Mobil Corp.,Energy,96.7,101.45,96.35,100.02,98.52,4224959,2.623,440,12.2,3.65,0.95,70.83,0.841,58,SELL
2023-05-12,AAPL,Apple Inc.,Technology,196.8,201.55,195.59,199.35,196.36,8215498,1.324,2800,29.5,0.55,1.15,64.88,0.103,78,HOLD
2023-05-12,AMZN,Amazon.com Inc.,Consumer Discretionary,146.49,146.55,141.05,142.82,140.68,13027750,-2.277,1850,42.0,0.0,0.91,42.19,0.402,65,BUY
2023-05-12,BAC,Bank of America Corp.,Financials,34.96,35.18,34.2,34.44,33.92,2424629,-1.504,270,10.4,2.9,0.93,47.22,0.353,69,HOLD
2023-05-12,JNJ,Johnson & Johnson,Healthcare,194.58,198.8,194.11,196.66,193.71,5687164,0.658,410,15.6,3.1,0.99,57.24,0.576,82,HOLD
2023-05-12,JPM,JPMorgan Chase & Co.,Financials,167.52,171.02,166.55,170.82,168.26,4818556,2.838,540,11.8,2.45,0.75,57.48,0.483,71,HOLD
2023-05-12,MSFT,Microsoft Corp.,Technology,309.22,320.78,308.59,315.32,310.59,5384136,1.609,2600,33.2,0.72,1.2,61.38,0.307,85,HOLD
2023-05-12,NVDA,NVIDIA Corp.,Technology,389.0,414.43,388.18,404.44,398.37,7926216,4.521,2100,65.4,0.08,1.07,34.97,0.592,74,BUY
2023-05-12,PFE,Pfizer Inc.,Healthcare,31.95,32.79,31.79,32.59,32.1,4195850,1.947,170,14.1,5.4,0.83,55.44,0.653,80,HOLD
2023-05-12,TSLA,Tesla Inc.,Consumer Discretionary,245.55,258.06,245.14,256.39,252.54,16977957,5.32,780,72.3,0.0,0.73,48.61,0.63,62,HOLD
2023-05-12,XOM,Exxon Mobil Corp.,Energy,100.73,100.78,98.55,98.73,97.25,3811261,-1.284,440,12.2,3.65,0.88,45.19,0.538,58,HOLD
2023-05-15,AAPL,Apple Inc.,Technology,200.92,203.77,196.9,197.83,194.87,8529346,-0.762,2800,29.5,0.55,0.96,33.18,0.499,78,BUY
2023-05-15,AMZN,Amazon.com Inc.,Consumer Discretionary,142.31,147.61,141.54,144.47,142.3,8934792,1.15,1850,42.0,0.0,1.15,60.66,0.494,65,HOLD
2023-05-15,BAC,Bank of America Corp.,Financials,34.52,35.06,34.29,34.56,34.04,2210306,0.354,270,10.4,2.9,1.05,33.29,0.389,69,BUY
2023-05-15,JNJ,Johnson & Johnson,Healthcare,196.14,196.41,195.72,196.06,193.12,3557483,-0.304,410,15.6,3.1,0.97,58.15,0.607,82,HOLD
2023-05-15,JPM,JPMorgan Chase & Co.,Financials,171.74,172.54,166.46,167.31,164.8,2222001,-2.056,540,11.8,2.45,0.91,61.41,0.67,71,HOLD
2023-05-15,MSFT,Microsoft Corp.,Technology,314.07,314.33,303.33,307.37,302.76,3753803,-2.521,2600,33.2,0.72,1.13,52.29,0.849,85,HOLD
2023-05-15,NVDA,NVIDIA Corp.,Technology,399.57,400.38,394.85,398.42,392.44,100000,-1.488,2100,65.4,0.08,1.04,67.24,0.92,74,HOLD
2023-05-15,PFE,Pfizer Inc.,Healthcare,32.68,33.5,32.58,33.45,32.95,5980776,2.656,170,14.1,5.4,0.78,50.43,0.393,80,HOLD
2023-05-15,TSLA,Tesla Inc.,Consumer Discretionary,256.67,257.78,245.04,248.1,244.38,8413591,-3.233,780,72.3,0.0,1.04,33.94,0.859,62,BUY
2023-05-15,XOM,Exxon Mobil Corp.,Energy,97.82,99.82,97.7,99.71,98.22,3565119,0.994,440,12.2,3.65,0.9,29.81,0.519,58,STRONG_BUY
2023-05-16,AAPL,Apple Inc.,Technology,196.54,198.44,189.85,191.03,188.16,9419969,-3.441,2800,29.5,0.55,1.0,84.34,0.401,78,SELL
2023-05-16,AMZN,Amazon.com Inc.,Consumer Discretionary,145.42,147.43,144.34,147.28,145.07,10964821,1.948,1850,42.0,0.0,1.04,55.67,0.652,65,HOLD
2023-05-16,BAC,Bank of America Corp.,Financials,34.48,34.67,34.01,34.61,34.09,2184432,0.134,270,10.4,2.9,0.84,41.28,0.432,69,BUY
2023-05-16,JNJ,Johnson & Johnson,Healthcare,196.84,197.51,194.56,195.5,192.57,8586959,-0.285,410,15.6,3.1,0.94,59.95,0.647,82,HOLD
2023-05-16,JPM,JPMorgan Chase & Co.,Financials,168.03,168.26,166.78,167.99,165.47,4695537,0.406,540,11.8,2.45,0.89,46.34,0.399,71,HOLD
2023-05-16,MSFT,Microsoft Corp.,Technology,306.41,308.11,304.95,306.48,301.89,4474340,-0.289,2600,33.2,0.72,1.31,57.51,0.371,85,HOLD
2023-05-16,NVDA,NVIDIA Corp.,Technology,398.46,399.26,384.73,389.3,383.46,13547095,-2.289,2100,65.4,0.08,1.11,59.66,0.582,74,HOLD
2023-05-16,PFE,Pfizer Inc.,Healthcare,33.32,33.93,32.9,33.65,33.15,5346529,0.597,170,14.1,5.4,0.54,53.65,0.698,80,HOLD
2023-05-16,TSLA,Tesla Inc.,Consumer Discretionary,247.43,249.63,233.11,237.74,234.17,13087261,-4.177,780,72.3,0.0,0.81,90.0,0.51,62,SELL
2023-05-16,XOM,Exxon Mobil Corp.,Energy,100.39,100.72,99.39,100.24,98.73,3902417,0.524,440,12.2,3.65,0.97,75.14,0.576,58,SELL
2023-05-17,AAPL,Apple Inc.,Technology,191.53,192.17,187.3,191.68,188.8,7767910,0.34,2800,29.5,0.55,1.02,43.28,0.454,78,BUY
2023-05-17,AMZN,Amazon.com Inc.,Consumer Discretionary,146.21,147.99,144.47,145.16,142.99,9220987,-1.436,1850,42.0,0.0,0.63,58.69,0.247,65,HOLD
2023-05-17,BAC,Bank of America Corp.,Financials,34.6,35.0,34.57,34.77,34.25,3772214,0.489,270,10.4,2.9,0.96,53.01,0.393,69,HOLD
2023-05-17,JNJ,Johnson & Johnson,Healthcare,195.87,195.99,194.03,194.23,191.31,2918930,-0.653,410,15.6,3.1,0.95,46.74,0.85,82,HOLD
2023-05-17,JPM,JPMorgan Chase & Co.,Financials,168.0,172.33,167.08,169.57,167.03,3966074,0.944,540,11.8,2.45,0.4,36.67,0.766,71,BUY
2023-05-17,MSFT,Microsoft Corp.,Technology,308.16,312.96,305.66,309.05,304.41,2864799,0.837,2600,33.2,0.72,1.17,48.72,0.324,85,HOLD
2023-05-17,NVDA,NVIDIA Corp.,Technology,384.31,394.22,383.5,391.64,385.77,8409082,0.601,2100,65.4,0.08,1.09,50.72,0.511,74,HOLD
2023-05-17,PFE,Pfizer Inc.,Healthcare,33.62,33.99,33.58,33.87,33.37,4409960,0.66,170,14.1,5.4,0.75,30.03,0.212,80,BUY
2023-05-17,TSLA,Tesla Inc.,Consumer Discretionary,237.66,248.73,231.25,242.16,238.52,9288910,1.86,780,72.3,0.0,0.96,63.91,0.521,62,HOLD
2023-05-17,XOM,Exxon Mobil Corp.,Energy,100.16,101.27,95.51,95.59,94.16,3432984,-4.635,440,12.2,3.65,0.85,47.06,0.573,58,HOLD
2023-05-18,AAPL,Apple Inc.,Technology,191.5,192.14,188.03,190.04,187.19,12785672,-0.853,2800,29.5,0.55,1.04,56.81,0.739,78,HOLD
2023-05-18,AMZN,Amazon.com Inc.,Consumer Discretionary,146.31,148.4,142.05,147.78,145.56,8791046,1.799,1850,42.0,0.0,0.93,42.09,0.512,65,BUY
2023-05-18,BAC,Bank of America Corp.,Financials,34.82,35.39,34.49,35.21,34.68,4252147,1.241,270,10.4,2.9,0.74,59.14,0.418,69,HOLD
2023-05-18,JNJ,Johnson & Johnson,Healthcare,193.13,196.42,190.75,195.74,192.8,3613718,0.779,410,15.6,3.1,0.86,60.86,0.243,82,HOLD
2023-05-18,JPM,JPMorgan Chase & Co.,Financials,170.41,170.53,166.36,168.84,166.3,1892577,-0.435,540,11.8,2.45,1.07,51.06,0.625,71,HOLD
2023-05-18,MSFT,Microsoft Corp.,Technology,309.97,313.51,309.58,310.81,306.14,4053006,0.568,2600,33.2,0.72,0.86,52.05,0.655,85,HOLD
2023-05-18,NVDA,NVIDIA Corp.,Technology,392.09,394.09,370.5,371.28,365.71,8831773,-5.2,2100,65.4,0.08,1.12,40.95,0.368,74,BUY
2023-05-18,PFE,Pfizer Inc.,Healthcare,33.64,34.01,33.14,33.34,32.84,5136793,-1.565,170,14.1,5.4,1.17,27.67,0.511,80,STRONG_BUY
2023-05-18,TSLA,Tesla Inc.,Consumer Discretionary,244.32,250.27,230.63,235.5,231.97,10620827,-2.75,780,72.3,0.0,0.82,56.28,0.702,62,HOLD
2023-05-18,XOM,Exxon Mobil Corp.,Energy,94.49,95.33,93.48,95.03,93.6,3020501,-0.588,440,12.2,3.65,0.7,34.07,0.34,58,BUY
2023-05-19,AAPL,Apple Inc.,Technology,188.49,193.47,185.44,190.81,187.95,7855239,0.405,2800,29.5,0.55,1.15,56.0,0.48,78,HOLD
2023-05-19,AMZN,Amazon.com Inc.,Consumer Discretionary,148.22,152.57,147.72,151.05,148.78,7701075,2.213,1850,42.0,0.0,0.69,57.02,0.356,65,HOLD
2023-05-19,BAC,Bank of America Corp.,Financials,35.05,36.79,34.84,36.62,36.07,5457335,4.014,270,10.4,2.9,0.72,58.73,0.322,69,HOLD
2023-05-19,JNJ,Johnson & Johnson,Healthcare,195.15,197.52,194.88,197.5,194.54,3400354,0.9,410,15.6,3.1,1.0,36.12,0.548,82,BUY
2023-05-19,JPM,JPMorgan Chase & Co.,Financials,168.55,168.69,167.97,168.28,165.75,3789836,-0.332,540,11.8,2.45,0.56,58.81,0.322,71,HOLD
2023-05-19,MSFT,Microsoft Corp.,Technology,310.27,310.72,306.58,309.99,305.34,903393,-0.264,2600,33.2,0.72,1.06,32.06,0.826,85,BUY
2023-05-19,NVDA,NVIDIA Corp.,Technology,376.22,386.99,360.55,385.13,379.35,8735413,3.731,2100,65.4,0.08,1.02,37.85,0.538,74,BUY
2023-05-19,PFE,Pfizer Inc.,Healthcare,33.3,33.8,33.23,33.31,32.81,5233487,-0.109,170,14.1,5.4,0.79,60.67,0.647,80,HOLD
2023-05-19,TSLA,Tesla Inc.,Consumer Discretionary,229.09,244.1,226.08,240.29,236.69,10414225,2.036,780,72.3,0.0,0.82,51.47,0.405,62,HOLD
2023-05-19,XOM,Exxon Mobil Corp.,Energy,95.54,96.56,94.33,95.99,94.55,8597765,1.01,440,12.2,3.65,0.98,48.26,0.691,58,HOLD
2023-05-22,AAPL,Apple Inc.,Technology,190.92,193.92,185.84,187.97,185.15,13094352,-1.491,2800,29.5,0.55,1.1,40.23,0.379,78,BUY
2023-05-22,AMZN,Amazon.com Inc.,Consumer Discretionary,151.64,159.36,150.36,155.68,153.34,9398084,3.066,1850,42.0,0.0,0.72,71.05,0.617,65,SELL
2023-05-22,BAC,Bank of America Corp.,Financials,36.53,36.8,35.41,35.68,35.14,4647167,-2.569,270,10.4,2.9,0.73,49.16,0.328,69,HOLD
2023-05-22,JNJ,Johnson & Johnson,Healthcare,197.16,198.71,195.17,195.7,192.77,2032605,-0.912,410,15.6,3.1,0.85,34.8,0.579,82,BUY
2023-05-22,JPM,JPMorgan Chase & Co.,Financials,166.83,166.95,166.14,166.58,164.08,2795322,-1.011,540,11.8,2.45,0.81,74.16,0.404,71,SELL
2023-05-22,MSFT,Microsoft Corp.,Technology,310.54,312.45,309.71,312.33,307.65,3406713,0.757,2600,33.2,0.72,1.12,41.97,0.259,85,BUY
2023-05-22,NVDA,NVIDIA Corp.,Technology,387.01,392.68,379.63,386.64,380.84,5121591,0.393,2100,65.4,0.08,1.26,60.69,0.448,74,HOLD
2023-05-22,PFE,Pfizer Inc.,Healthcare,33.19,34.04,33.13,33.99,33.48,1424608,2.059,170,14.1,5.4,1.06,69.52,0.602,80,HOLD
2023-05-22,TSLA,Tesla Inc.,Consumer Discretionary,240.02,242.08,233.57,235.92,232.38,12864418,-1.82,780,72.3,0.0,0.96,40.63,0.482,62,BUY
2023-05-22,XOM,Exxon Mobil Corp.,Energy,95.78,101.43,94.97,98.95,97.47,4702994,3.089,440,12.2,3.65,0.7,50.28,0.579,58,HOLD
2023-05-23,AAPL,Apple Inc.,Technology,188.19,188.22,184.3,186.29,183.5,18844263,-0.892,2800,29.5,0.55,1.26,45.15,0.454,78,HOLD
2023-05-23,AMZN,Amazon.com Inc.,Consumer Discretionary,154.51,158.69,152.57,154.24,151.92,9602201,-0.925,1850,42.0,0.0,0.9,61.42,0.838,65,HOLD
2023-05-23,BAC,Bank of America Corp.,Financials,35.95,36.66,35.51,36.4,35.86,4422745,2.032,270,10.4,2.9,0.86,78.16,0.451,69,SELL
2023-05-23,JNJ,Johnson & Johnson,Healthcare,195.89,196.72,194.75,194.81,191.89,1880637,-0.456,410,15.6,3.1,1.27,76.71,0.664,82,SELL
2023-05-23,JPM,JPMorgan Chase & Co.,Financials,166.28,170.87,164.05,169.97,167.42,4923231,2.038,540,11.8,2.45,0.81,56.3,0.405,71,HOLD
2023-05-23,MSFT,Microsoft Corp.,Technology,312.36,316.2,311.14,314.58,309.87,6526087,0.721,2600,33.2,0.72,0.91,62.08,0.516,85,HOLD
2023-05-23,NVDA,NVIDIA Corp.,Technology,386.47,398.05,384.26,396.89,390.94,14132243,2.65,2100,65.4,0.08,1.11,52.63,0.437,74,HOLD
2023-05-23,PFE,Pfizer Inc.,Healthcare,33.92,34.23,33.88,33.97,33.46,4073440,-0.057,170,14.1,5.4,1.09,46.75,0.69,80,HOLD
2023-05-23,TSLA,Tesla Inc.,Consumer Discretionary,240.01,241.44,222.44,229.1,225.67,7752554,-2.888,780,72.3,0.0,0.89,57.63,0.185,62,HOLD
2023-05-23,XOM,Exxon Mobil Corp.,Energy,98.92,99.57,96.27,97.19,95.73,5140623,-1.787,440,12.2,3.65,0.91,52.69,0.495,58,HOLD
2023-05-24,AAPL,Apple Inc.,Technology,186.75,187.16,180.37,180.87,178.15,13265488,-2.911,2800,29.5,0.55,1.21,57.68,0.626,78,HOLD
2023-05-24,AMZN,Amazon.com Inc.,Consumer Discretionary,152.58,155.3,152.02,155.24,152.91,5186591,0.652,1850,42.0,0.0,0.77,58.85,0.382,65,HOLD
2023-05-24,BAC,Bank of America Corp.,Financials,36.17,36.18,35.69,35.69,35.16,100000,-1.952,270,10.4,2.9,0.83,22.05,0.759,69,STRONG_BUY
2023-05-24,JNJ,Johnson & Johnson,Healthcare,195.65,200.24,195.51,199.62,196.62,2978553,2.469,410,15.6,3.1,1.03,48.79,0.72,82,HOLD
2023-05-24,JPM,JPMorgan Chase & Co.,Financials,170.8,170.83,166.24,167.8,165.29,4952301,-1.276,540,11.8,2.45,0.9,28.09,0.514,71,STRONG_BUY
2023-05-24,MSFT,Microsoft Corp.,Technology,312.77,315.89,308.86,315.88,311.14,4865883,0.411,2600,33.2,0.72,0.91,60.8,0.513,85,HOLD
2023-05-24,NVDA,NVIDIA Corp.,Technology,390.4,394.14,371.14,377.65,371.99,8060806,-4.847,2100,65.4,0.08,1.14,68.81,0.838,74,HOLD
2023-05-24,PFE,Pfizer Inc.,Healthcare,33.79,33.98,33.59,33.72,33.21,2436186,-0.756,170,14.1,5.4,0.93,57.81,0.16,80,HOLD
2023-05-24,TSLA,Tesla Inc.,Consumer Discretionary,229.17,233.58,224.35,224.71,221.34,12069716,-1.919,780,72.3,0.0,0.88,60.39,0.516,62,HOLD
2023-05-24,XOM,Exxon Mobil Corp.,Energy,96.26,100.2,95.76,98.52,97.04,3923347,1.368,440,12.2,3.65,0.64,54.71,0.533,58,HOLD
2023-05-25,AAPL,Apple Inc.,Technology,182.01,186.71,180.95,184.41,181.65,9415086,1.96,2800,29.5,0.55,0.98,68.89,0.576,78,HOLD
2023-05-25,AMZN,Amazon.com Inc.,Consumer Discretionary,155.13,157.36,152.89,157.23,154.87,7562386,1.278,1850,42.0,0.0,0.86,42.6,0.886,65,BUY
2023-05-25,BAC,Bank of America Corp.,Financials,35.63,36.2,35.55,35.75,35.21,6649068,0.148,270,10.4,2.9,0.72,41.18,0.391,69,BUY
2023-05-25,JNJ,Johnson & Johnson,Healthcare,199.93,201.1,197.58,198.69,195.71,2521614,-0.464,410,15.6,3.1,0.96,39.26,0.361,82,BUY
2023-05-25,JPM,JPMorgan Chase & Co.,Financials,166.97,170.61,166.24,169.91,167.36,1324156,1.256,540,11.8,2.45,0.74,45.44,0.567,71,HOLD
2023-05-25,MSFT,Microsoft Corp.,Technology,315.19,321.67,314.52,320.46,315.66,3388592,1.452,2600,33.2,0.72,1.06,81.4,0.538,85,SELL
2023-05-25,NVDA,NVIDIA Corp.,Technology,379.19,386.95,355.13,368.19,362.66,11759606,-2.506,2100,65.4,0.08,1.34,38.48,0.101,74,BUY
2023-05-25,PFE,Pfizer Inc.,Healthcare,33.54,34.64,33.48,34.33,33.81,4881104,1.815,170,14.1,5.4,0.74,61.51,0.496,80,HOLD
2023-05-25,TSLA,Tesla Inc.,Consumer Discretionary,223.83,228.74,221.25,222.82,219.48,100000,-0.841,780,72.3,0.0,0.93,50.85,0.444,62,HOLD
2023-05-25,XOM,Exxon Mobil Corp.,Energy,99.36,100.49,95.4,95.65,94.22,4429375,-2.903,440,12.2,3.65,0.73,79.62,0.547,58,SELL
2023-05-26,AAPL,Apple Inc.,Technology,184.81,186.25,184.8,185.87,183.09,12862134,0.793,2800,29.5,0.55,1.11,52.34,0.282,78,HOLD
2023-05-26,AMZN,Amazon.com Inc.,Consumer Discretionary,157.91,158.28,151.99,155.45,153.12,4440707,-1.131,1850,42.0,0.0,0.96,29.08,0.68,65,STRONG_BUY
2023-05-26,BAC,Bank of America Corp.,Financials,35.68,35.78,35.15,35.32,34.79,3384587,-1.18,270,10.4,2.9,0.79,31.25,0.665,69,BUY
2023-05-26,JNJ,Johnson & Johnson,Healthcare,199.05,199.32,196.57,196.98,194.02,3346823,-0.863,410,15.6,3.1,1.03,38.46,0.131,82,BUY
2023-05-26,JPM,JPMorgan Chase & Co.,Financials,171.05,171.29,169.51,170.57,168.01,4261603,0.387,540,11.8,2.45,1.06,49.81,0.656,71,HOLD
2023-05-26,MSFT,Microsoft Corp.,Technology,318.05,321.47,312.64,316.71,311.95,4346516,-1.173,2600,33.2,0.72,1.19,53.41,0.577,85,HOLD
2023-05-26,NVDA,NVIDIA Corp.,Technology,364.06,400.61,361.02,384.45,378.69,13999449,4.418,2100,65.4,0.08,1.14,35.48,0.238,74,BUY
2023-05-26,PFE,Pfizer Inc.,Healthcare,34.64,34.88,34.06,34.16,33.64,1770523,-0.506,170,14.1,5.4,0.8,68.69,0.787,80,HOLD
2023-05-26,TSLA,Tesla Inc.,Consumer Discretionary,219.08,227.41,212.1,222.74,219.4,13771228,-0.036,780,72.3,0.0,0.45,70.58,0.467,62,SELL
2023-05-26,XOM,Exxon Mobil Corp.,Energy,95.88,97.94,94.36,97.41,95.95,6993595,1.835,440,12.2,3.65,0.83,54.19,0.253,58,HOLD
2023-05-29,AAPL,Apple Inc.,Technology,188.05,188.63,187.67,188.11,185.29,10872842,1.202,2800,29.5,0.55,1.14,50.67,0.834,78,HOLD
2023-05-29,AMZN,Amazon.com Inc.,Consumer Discretionary,152.66,157.41,150.72,157.13,154.77,11135209,1.08,1850,42.0,0.0,0.81,40.02,0.363,65,BUY
2023-05-29,BAC,Bank of America Corp.,Financials,35.48,35.86,34.96,35.42,34.89,6211213,0.284,270,10.4,2.9,0.83,67.9,0.44,69,HOLD
2023-05-29,JNJ,Johnson & Johnson,Healthcare,196.42,201.99,196.02,201.63,198.61,3410100,2.362,410,15.6,3.1,0.8,65.27,0.662,82,HOLD
2023-05-29,JPM,JPMorgan Chase & Co.,Financials,170.91,174.05,166.27,169.29,166.76,4743436,-0.747,540,11.8,2.45,1.2,68.54,0.577,71,HOLD
2023-05-29,MSFT,Microsoft Corp.,Technology,317.91,322.92,311.13,313.36,308.66,2304359,-1.055,2600,33.2,0.72,0.96,52.2,0.682,85,HOLD
2023-05-29,NVDA,NVIDIA Corp.,Technology,390.34,414.85,385.26,410.39,404.24,9828397,6.747,2100,65.4,0.08,1.32,56.63,0.521,74,HOLD
2023-05-29,PFE,Pfizer Inc.,Healthcare,34.34,35.03,34.04,34.81,34.29,4695288,1.924,170,14.1,5.4,0.55,57.6,0.664,80,HOLD
2023-05-29,TSLA,Tesla Inc.,Consumer Discretionary,220.93,224.96,219.13,222.66,219.32,5151238,-0.034,780,72.3,0.0,0.97,46.56,0.657,62,HOLD
2023-05-29,XOM,Exxon Mobil Corp.,Energy,97.19,97.58,93.49,94.23,92.81,4821522,-3.267,440,12.2,3.65,1.05,68.24,0.502,58,HOLD
2023-05-30,AAPL,Apple Inc.,Technology,188.52,189.09,187.84,188.78,185.95,8729649,0.356,2800,29.5,0.55,1.24,26.66,0.581,78,STRONG_BUY
2023-05-30,AMZN,Amazon.com Inc.,Consumer Discretionary,155.97,158.88,154.5,155.7,153.36,12190858,-0.91,1850,42.0,0.0,0.79,34.41,0.592,65,BUY
2023-05-30,BAC,Bank of America Corp.,Financials,35.08,36.28,34.96,35.87,35.33,7133694,1.249,270,10.4,2.9,1.08,38.97,0.381,69,BUY
2023-05-30,JNJ,Johnson & Johnson,Healthcare,200.89,206.11,200.83,204.57,201.5,4037200,1.458,410,15.6,3.1,0.53,44.43,0.711,82,BUY
2023-05-30,JPM,JPMorgan Chase & Co.,Financials,169.59,169.92,167.44,167.76,165.24,2534847,-0.908,540,11.8,2.45,0.74,32.89,0.401,71,BUY
2023-05-30,MSFT,Microsoft Corp.,Technology,313.08,318.44,308.11,314.56,309.84,4768923,0.382,2600,33.2,0.72,1.24,40.73,1.0,85,BUY
2023-05-30,NVDA,NVIDIA Corp.,Technology,417.4,423.03,411.87,418.63,412.35,9082491,2.007,2100,65.4,0.08,1.01,46.43,0.989,74,HOLD
2023-05-30,PFE,Pfizer Inc.,Healthcare,34.58,34.84,34.56,34.79,34.27,4504267,-0.067,170,14.1,5.4,1.02,81.9,0.578,80,SELL
2023-05-30,TSLA,Tesla Inc.,Consumer Discretionary,223.63,226.33,205.76,212.38,209.2,11292548,-4.616,780,72.3,0.0,1.15,70.61,0.159,62,SELL
2023-05-30,XOM,Exxon Mobil Corp.,Energy,94.4,97.66,93.92,97.52,96.05,5041820,3.492,440,12.2,3.65,0.96,41.79,0.677,58,BUY
2023-05-31,AAPL,Apple Inc.,Technology,189.16,191.83,186.84,186.95,184.15,8056801,-0.966,2800,29.5,0.55,0.77,31.73,0.889,78,BUY
2023-05-31,AMZN,Amazon.com Inc.,Consumer Discretionary,156.85,158.86,156.28,156.54,154.19,3936268,0.538,1850,42.0,0.0,0.72,52.48,0.479,65,HOLD
2023-05-31,BAC,Bank of America Corp.,Financials,36.22,36.24,34.61,34.83,34.3,4583522,-2.9,270,10.4,2.9,1.04,51.68,0.76,69,HOLD
2023-05-31,JNJ,Johnson & Johnson,Healthcare,204.77,205.4,203.79,204.14,201.08,3527058,-0.208,410,15.6,3.1,0.92,69.2,0.437,82,HOLD
2023-05-31,JPM,JPMorgan Chase & Co.,Financials,167.73,168.45,167.12,168.27,165.75,8307604,0.307,540,11.8,2.45,0.88,34.58,0.795,71,BUY
2023-05-31,MSFT,Microsoft Corp.,Technology,315.95,316.27,309.94,313.73,309.03,1968354,-0.263,2600,33.2,0.72,1.15,34.47,0.548,85,BUY
2023-05-31,NVDA,NVIDIA Corp.,Technology,428.72,441.35,423.22,423.44,417.09,12241900,1.149,2100,65.4,0.08,0.91,50.42,0.572,74,HOLD
2023-05-31,PFE,Pfizer Inc.,Healthcare,34.8,34.93,34.59,34.66,34.14,4533156,-0.363,170,14.1,5.4,0.75,55.71,0.792,80,HOLD
2023-05-31,TSLA,Tesla Inc.,Consumer Discretionary,211.46,213.82,204.76,206.48,203.38,7979302,-2.779,780,72.3,0.0,0.83,90.0,0.278,62,SELL
2023-05-31,XOM,Exxon Mobil Corp.,Energy,97.69,98.7,96.1,97.27,95.81,103855,-0.252,440,12.2,3.65,0.65,67.97,0.534,58,HOLD
2023-06-01,AAPL,Apple Inc.,Technology,187.95,191.12,185.73,189.21,186.37,9221555,1.208,2800,29.5,0.55,1.19,50.4,0.344,78,HOLD
2023-06-01,AMZN,Amazon.com Inc.,Consumer Discretionary,156.29,163.61,155.71,159.99,157.59,12110150,2.204,1850,42.0,0.0,1.19,43.89,0.444,65,BUY
2023-06-01,BAC,Bank of America Corp.,Financials,34.95,35.43,34.38,35.42,34.89,1485611,1.708,270,10.4,2.9,0.79,44.85,0.265,69,BUY
2023-06-01,JNJ,Johnson & Johnson,Healthcare,202.61,204.42,202.19,204.28,201.21,4688672,0.065,410,15.6,3.1,0.4,46.1,0.357,82,HOLD
2023-06-01,JPM,JPMorgan Chase & Co.,Financials,167.08,170.76,166.8,170.39,167.83,4817784,1.256,540,11.8,2.45,0.79,41.58,0.66,71,BUY
2023-06-01,MSFT,Microsoft Corp.,Technology,314.4,314.43,310.25,312.02,307.34,5771881,-0.546,2600,33.2,0.72,1.24,45.3,0.484,85,HOLD
2023-06-01,NVDA,NVIDIA Corp.,Technology,432.06,439.2,414.7,435.16,428.64,9866509,2.768,2100,65.4,0.08,1.13,65.11,0.559,74,HOLD
2023-06-01,PFE,Pfizer Inc.,Healthcare,34.92,35.43,34.79,35.32,34.79,2681458,1.904,170,14.1,5.4,0.77,62.26,0.605,80,HOLD
2023-06-01,TSLA,Tesla Inc.,Consumer Discretionary,204.79,206.89,199.85,206.15,203.06,10915664,-0.158,780,72.3,0.0,0.8,34.51,0.618,62,BUY
2023-06-01,XOM,Exxon Mobil Corp.,Energy,97.44,99.29,96.41,97.99,96.52,3136658,0.742,440,12.2,3.65,0.9,47.31,0.554,58,HOLD
2023-06-02,AAPL,Apple Inc.,Technology,188.5,188.58,183.69,184.09,181.33,9155673,-2.706,2800,29.5,0.55,1.32,34.48,0.613,78,BUY
2023-06-02,AMZN,Amazon.com Inc.,Consumer Discretionary,159.88,165.43,159.0,161.05,158.63,15317677,0.663,1850,42.0,0.0,0.77,37.56,0.571,65,BUY
2023-06-02,BAC,Bank of America Corp.,Financials,35.22,35.91,34.55,35.1,34.58,2373107,-0.899,270,10.4,2.9,0.87,46.41,0.835,69,HOLD
2023-06-02,JNJ,Johnson & Johnson,Healthcare,204.36,209.1,204.25,208.24,205.11,3065733,1.938,410,15.6,3.1,0.73,54.88,0.146,82,HOLD
2023-06-02,JPM,JPMorgan Chase & Co.,Financials,171.37,173.86,170.8,172.83,170.23,4885435,1.431,540,11.8,2.45,1.09,41.2,0.465,71,BUY
2023-06-02,MSFT,Microsoft Corp.,Technology,313.81,320.03,313.01,315.54,310.81,3294148,1.128,2600,33.2,0.72,1.03,56.87,0.535,85,HOLD
2023-06-02,NVDA,NVIDIA Corp.,Technology,440.64,442.91,429.86,431.2,424.73,5554786,-0.912,2100,65.4,0.08,1.0,40.35,0.602,74,BUY
2023-06-02,PFE,Pfizer Inc.,Healthcare,35.32,35.86,34.96,35.71,35.18,5988258,1.1,170,14.1,5.4,0.96,42.11,0.657,80,BUY
2023-06-02,TSLA,Tesla Inc.,Consumer Discretionary,206.41,220.65,201.6,215.41,212.18,10052931,4.49,780,72.3,0.0,0.78,46.76,0.611,62,HOLD
2023-06-02,XOM,Exxon Mobil Corp.,Energy,98.54,98.96,94.62,96.21,94.77,6355706,-1.815,440,12.2,3.65,0.85,87.05,0.488,58,SELL
2023-06-05,AAPL,Apple Inc.,Technology,184.06,186.29,183.68,185.84,183.05,12477004,0.95,2800,29.5,0.55,1.19,58.44,0.68,78,HOLD
2023-06-05,AMZN,Amazon.com Inc.,Consumer Discretionary,162.07,166.05,160.5,165.51,163.03,16999145,2.773,1850,42.0,0.0,1.15,59.78,0.36,65,HOLD
2023-06-05,BAC,Bank of America Corp.,Financials,34.77,36.56,34.6,36.41,35.86,1752696,3.712,270,10.4,2.9,0.8,36.8,0.383,69,BUY
2023-06-05,JNJ,Johnson & Johnson,Healthcare,207.4,209.61,207.33,208.69,205.56,5293411,0.216,410,15.6,3.1,0.65,50.12,0.816,82,HOLD
2023-06-05,JPM,JPMorgan Chase & Co.,Financials,173.01,174.24,169.19,171.22,168.65,3992853,-0.931,540,11.8,2.45,0.7,48.44,0.432,71,HOLD
2023-06-05,MSFT,Microsoft Corp.,Technology,311.67,321.02,309.12,319.15,314.37,2558091,1.144,2600,33.2,0.72,1.22,69.04,0.415,85,HOLD
2023-06-05,NVDA,NVIDIA Corp.,Technology,423.6,449.5,410.98,438.58,432.0,7462161,1.712,2100,65.4,0.08,1.11,31.15,0.586,74,BUY
2023-06-05,PFE,Pfizer Inc.,Healthcare,35.66,35.92,34.85,35.18,34.66,3410738,-1.478,170,14.1,5.4,1.13,41.1,0.269,80,BUY
2023-06-05,TSLA,Tesla Inc.,Consumer Discretionary,213.98,220.89,212.31,215.11,211.88,11228046,-0.141,780,72.3,0.0,0.79,55.31,0.328,62,HOLD
2023-06-05,XOM,Exxon Mobil Corp.,Energy,95.45,98.52,94.42,96.62,95.17,5692722,0.419,440,12.2,3.65,0.8,50.2,0.747,58,HOLD
2023-06-06,AAPL,Apple Inc.,Technology,186.55,186.72,184.13,186.57,183.77,7632626,0.394,2800,29.5,0.55,0.89,51.44,0.874,78,HOLD
2023-06-06,AMZN,Amazon.com Inc.,Consumer Discretionary,166.19,169.43,160.86,168.26,165.74,5530204,1.661,1850,42.0,0.0,1.17,55.27,0.355,65,HOLD
2023-06-06,BAC,Bank of America Corp.,Financials,36.66,37.03,36.25,36.26,35.71,3878081,-0.411,270,10.4,2.9,0.8,59.29,0.888,69,HOLD
2023-06-06,JNJ,Johnson & Johnson,Healthcare,209.15,210.28,201.53,203.31,200.26,4247077,-2.577,410,15.6,3.1,0.73,50.98,0.631,82,HOLD
2023-06-06,JPM,JPMorgan Chase & Co.,Financials,171.65,173.37,170.43,172.89,170.3,2561635,0.979,540,11.8,2.45,0.99,61.02,0.483,71,HOLD
2023-06-06,MSFT,Microsoft Corp.,Technology,318.12,321.15,308.03,310.47,305.81,3349834,-2.721,2600,33.2,0.72,1.06,62.97,0.633,85,HOLD
2023-06-06,NVDA,NVIDIA Corp.,Technology,436.91,463.95,432.69,456.15,449.31,18062735,4.007,2100,65.4,0.08,1.27,69.63,0.284,74,HOLD
2023-06-06,PFE,Pfizer Inc.,Healthcare,35.08,35.17,35.04,35.12,34.59,1755496,-0.186,170,14.1,5.4,0.87,56.14,0.223,80,HOLD
2023-06-06,TSLA,Tesla Inc.,Consumer Discretionary,218.29,223.53,216.81,217.05,213.79,8335803,0.901,780,72.3,0.0,0.78,48.63,0.431,62,HOLD
2023-06-06,XOM,Exxon Mobil Corp.,Energy,96.44,96.8,96.07,96.27,94.83,6001327,-0.36,440,12.2,3.65,0.96,54.39,0.495,58,HOLD
2023-06-07,AAPL,Apple Inc.,Technology,187.14,188.21,179.68,181.3,178.58,9030854,-2.825,2800,29.5,0.55,1.0,49.58,0.545,78,HOLD
2023-06-07,AMZN,Amazon.com Inc.,Consumer Discretionary,168.49,168.52,166.32,168.13,165.61,15091623,-0.077,1850,42.0,0.0,0.94,59.66,0.889,65,HOLD
2023-06-07,BAC,Bank of America Corp.,Financials,36.1,36.24,35.43,35.82,35.29,5461383,-1.192,270,10.4,2.9,0.49,66.28,0.546,69,HOLD
2023-06-07,JNJ,Johnson & Johnson,Healthcare,203.7,204.01,201.7,202.97,199.93,6837435,-0.165,410,15.6,3.1,0.91,34.5,0.389,82,BUY
2023-06-07,JPM,JPMorgan Chase & Co.,Financials,172.69,173.78,170.63,171.0,168.43,5864906,-1.097,540,11.8,2.45,0.98,53.58,0.215,71,HOLD
2023-06-07,MSFT,Microsoft Corp.,Technology,307.91,319.37,307.34,317.84,313.08,6523030,2.376,2600,33.2,0.72,1.01,58.72,0.619,85,HOLD
2023-06-07,NVDA,NVIDIA Corp.,Technology,454.56,467.88,451.28,465.81,458.83,8341472,2.118,2100,65.4,0.08,1.27,52.0,0.484,74,HOLD
2023-06-07,PFE,Pfizer Inc.,Healthcare,35.07,36.1,35.01,35.87,35.33,2379404,2.128,170,14.1,5.4,1.02,90.0,0.635,80,SELL
2023-06-07,TSLA,Tesla Inc.,Consumer Discretionary,218.31,221.48,208.78,220.46,217.15,7185058,1.572,780,72.3,0.0,0.99,58.61,0.827,62,HOLD
2023-06-07,XOM,Exxon Mobil Corp.,Energy,96.69,100.59,95.28,99.52,98.03,4384161,3.378,440,12.2,3.65,0.93,69.25,0.577,58,HOLD
2023-06-08,AAPL,Apple Inc.,Technology,182.05,183.33,175.53,176.21,173.56,6615583,-2.811,2800,29.5,0.55,0.93,51.95,0.541,78,HOLD
2023-06-08,AMZN,Amazon.com Inc.,Consumer Discretionary,168.19,170.01,165.98,170.01,167.46,15306406,1.116,1850,42.0,0.0,0.75,52.14,0.279,65,HOLD
2023-06-08,BAC,Bank of America Corp.,Financials,35.89,35.96,35.1,35.38,34.85,5865572,-1.245,270,10.4,2.9,0.92,43.53,0.717,69,BUY
2023-06-08,JNJ,Johnson & Johnson,Healthcare,201.55,202.91,201.21,202.09,199.06,4853832,-0.435,410,15.6,3.1,1.05,63.13,0.543,82,HOLD
2023-06-08,JPM,JPMorgan Chase & Co.,Financials,170.73,175.25,169.18,173.61,171.01,6329225,1.528,540,11.8,2.45,1.06,60.22,0.605,71,HOLD
2023-06-08,MSFT,Microsoft Corp.,Technology,315.55,323.98,313.03,321.28,316.46,3462440,1.081,2600,33.2,0.72,1.57,79.94,0.595,85,SELL
2023-06-08,NVDA,NVIDIA Corp.,Technology,462.28,483.62,454.27,477.66,470.49,5276483,2.543,2100,65.4,0.08,1.12,52.48,0.475,74,HOLD
2023-06-08,PFE,Pfizer Inc.,Healthcare,35.82,35.94,34.84,34.93,34.41,3613745,-2.612,170,14.1,5.4,0.75,59.93,0.33,80,HOLD
2023-06-08,TSLA,Tesla Inc.,Consumer Discretionary,220.69,231.9,214.85,228.99,225.56,9859869,3.872,780,72.3,0.0,0.97,47.66,0.826,62,HOLD
2023-06-08,XOM,Exxon Mobil Corp.,Energy,98.69,100.31,97.66,99.87,98.37,5314883,0.35,440,12.2,3.65,1.06,49.74,0.429,58,HOLD
2023-06-09,AAPL,Apple Inc.,Technology,177.9,179.34,177.84,177.94,175.27,9057848,0.985,2800,29.5,0.55,0.99,49.49,0.534,78,HOLD
2023-06-09,AMZN,Amazon.com Inc.,Consumer Discretionary,168.43,168.93,167.19,168.73,166.2,7056191,-0.753,1850,42.0,0.0,0.9,83.84,0.189,65,SELL
2023-06-09,BAC,Bank of America Corp.,Financials,35.63,36.07,35.38,35.7,35.16,4038157,0.899,270,10.4,2.9,1.01,26.75,0.36,69,BUY
2023-06-09,JNJ,Johnson & Johnson,Healthcare,202.12,207.8,201.78,206.46,203.36,4291735,2.162,410,15.6,3.1,0.95,20.32,0.466,82,BUY
2023-06-09,JPM,JPMorgan Chase & Co.,Financials,174.25,175.36,173.21,175.27,172.64,3297037,0.954,540,11.8,2.45,0.81,51.29,0.369,71,HOLD
2023-06-09,MSFT,Microsoft Corp.,Technology,322.81,329.1,322.62,326.97,322.06,5522449,1.771,2600,33.2,0.72,1.2,46.08,0.716,85,HOLD
2023-06-09,NVDA,NVIDIA Corp.,Technology,474.45,499.2,466.44,493.2,485.8,9666415,3.254,2100,65.4,0.08,0.98,57.35,0.625,74,HOLD
2023-06-09,PFE,Pfizer Inc.,Healthcare,34.71,34.76,33.97,34.27,33.75,4772230,-1.9,170,14.1,5.4,0.95,47.96,0.604,80,HOLD
2023-06-09,TSLA,Tesla Inc.,Consumer Discretionary,231.58,240.73,227.43,228.3,224.87,13123319,-0.305,780,72.3,0.0,0.94,43.12,0.32,62,BUY
2023-06-09,XOM,Exxon Mobil Corp.,Energy,99.93,100.43,98.69,99.17,97.68,3333623,-0.7,440,12.2,3.65,0.74,36.19,0.672,58,BUY
2023-06-12,AAPL,Apple Inc.,Technology,178.56,184.71,177.64,183.77,181.01,14897744,3.276,2800,29.5,0.55,1.0,52.83,0.716,78,HOLD
2023-06-12,AMZN,Amazon.com Inc.,Consumer Discretionary,168.51,177.62,167.71,173.68,171.08,14461285,2.936,1850,42.0,0.0,0.86,42.72,0.716,65,BUY
2023-06-12,BAC,Bank of America Corp.,Financials,35.45,36.87,35.35,36.55,36.01,5982976,2.403,270,10.4,2.9,0.9,49.79,0.689,69,HOLD
2023-06-12,JNJ,Johnson & Johnson,Healthcare,206.64,209.99,206.62,208.48,205.36,2784834,0.981,410,15.6,3.1,0.68,30.54,0.512,82,BUY
2023-06-12,JPM,JPMorgan Chase & Co.,Financials,176.09,179.68,175.42,179.1,176.41,4004406,2.188,540,11.8,2.45,0.64,65.76,0.771,71,HOLD
2023-06-12,MSFT,Microsoft Corp.,Technology,325.24,326.39,322.16,324.18,319.32,4640882,-0.853,2600,33.2,0.72,1.2,51.92,0.851,85,HOLD
2023-06-12,NVDA,NVIDIA Corp.,Technology,494.87,510.53,471.38,471.73,464.66,16642184,-4.353,2100,65.4,0.08,1.21,40.32,0.379,74,BUY
2023-06-12,PFE,Pfizer Inc.,Healthcare,34.22,34.32,34.09,34.24,33.73,2689836,-0.062,170,14.1,5.4,1.16,36.28,0.356,80,BUY
2023-06-12,TSLA,Tesla Inc.,Consumer Discretionary,229.33,232.07,211.32,217.82,214.55,13399704,-4.589,780,72.3,0.0,0.88,73.8,0.801,62,SELL
2023-06-12,XOM,Exxon Mobil Corp.,Energy,99.19,105.06,98.09,103.28,101.73,1797501,4.139,440,12.2,3.65,1.11,68.65,0.348,58,HOLD
2023-06-13,AAPL,Apple Inc.,Technology,184.45,186.11,182.64,185.14,182.37,10400866,0.748,2800,29.5,0.55,1.3,49.23,0.721,78,HOLD
2023-06-13,AMZN,Amazon.com Inc.,Consumer Discretionary,172.55,174.1,168.27,169.93,167.39,10995349,-2.157,1850,42.0,0.0,0.81,56.77,0.202,65,HOLD
2023-06-13,BAC,Bank of America Corp.,Financials,36.44,37.3,36.32,36.66,36.11,3609807,0.297,270,10.4,2.9,0.79,41.16,0.598,69,BUY
2023-06-13,JNJ,Johnson & Johnson,Healthcare,207.87,209.17,206.73,206.91,203.8,3281891,-0.757,410,15.6,3.1,0.68,27.72,0.638,82,STRONG_BUY
2023-06-13,JPM,JPMorgan Chase & Co.,Financials,180.0,186.33,179.01,184.7,181.93,5433286,3.128,540,11.8,2.45,0.78,58.84,0.477,71,HOLD
2023-06-13,MSFT,Microsoft Corp.,Technology,323.35,328.53,319.61,326.66,321.76,3915595,0.767,2600,33.2,0.72,0.95,62.84,0.632,85,HOLD
2023-06-13,NVDA,NVIDIA Corp.,Technology,468.84,469.66,458.78,459.34,452.45,14695011,-2.627,2100,65.4,0.08,0.93,30.89,0.425,74,BUY
2023-06-13,PFE,Pfizer Inc.,Healthcare,34.35,34.59,34.23,34.42,33.9,4184758,0.504,170,14.1,5.4,0.7,37.05,0.396,80,BUY
2023-06-13,TSLA,Tesla Inc.,Consumer Discretionary,219.12,231.91,217.7,228.48,225.06,14059868,4.897,780,72.3,0.0,0.89,31.31,0.624,62,BUY
2023-06-13,XOM,Exxon Mobil Corp.,Energy,102.68,104.45,101.41,102.58,101.04,2982285,-0.677,440,12.2,3.65,0.86,12.81,0.44,58,BUY
2023-06-14,AAPL,Apple Inc.,Technology,185.34,192.12,184.54,191.0,188.14,8878784,3.165,2800,29.5,0.55,1.01,59.32,0.626,78,HOLD
2023-06-14,AMZN,Amazon.com Inc.,Consumer Discretionary,169.73,177.23,168.16,174.35,171.73,15899956,2.595,1850,42.0,0.0,0.93,45.3,0.434,65,HOLD
2023-06-14,BAC,Bank of America Corp.,Financials,36.68,36.96,36.37,36.43,35.88,2307121,-0.646,270,10.4,2.9,0.88,53.59,0.56,69,HOLD
2023-06-14,JNJ,Johnson & Johnson,Healthcare,206.93,207.65,202.85,204.52,201.45,2971264,-1.154,410,15.6,3.1,0.85,21.86,0.298,82,BUY
2023-06-14,JPM,JPMorgan Chase & Co.,Financials,185.46,187.25,183.65,186.82,184.02,3726022,1.146,540,11.8,2.45,0.93,51.28,0.741,71,HOLD
2023-06-14,MSFT,Microsoft Corp.,Technology,326.74,329.43,325.02,329.41,324.47,4978359,0.841,2600,33.2,0.72,1.02,58.89,0.626,85,HOLD
2023-06-14,NVDA,NVIDIA Corp.,Technology,459.19,465.15,437.04,444.97,438.3,10905314,-3.128,2100,65.4,0.08,1.04,62.96,0.588,74,HOLD
2023-06-14,PFE,Pfizer Inc.,Healthcare,34.52,34.95,34.31,34.72,34.2,3687764,0.887,170,14.1,5.4,0.92,49.86,0.601,80,HOLD
2023-06-14,TSLA,Tesla Inc.,Consumer Discretionary,226.02,246.92,225.63,241.18,237.56,14116038,5.557,780,72.3,0.0,0.93,58.02,0.754,62,HOLD
2023-06-14,XOM,Exxon Mobil Corp.,Energy,101.73,103.85,101.45,103.66,102.1,4457905,1.054,440,12.2,3.65,0.68,58.92,0.578,58,HOLD
2023-06-15,AAPL,Apple Inc.,Technology,190.9,202.96,189.61,201.27,198.25,6052604,5.377,2800,29.5,0.55,1.13,44.97,0.652,78,BUY
2023-06-15,AMZN,Amazon.com Inc.,Consumer Discretionary,172.62,174.25,169.93,172.8,170.21,10070054,-0.886,1850,42.0,0.0,0.87,47.55,0.261,65,HOLD
2023-06-15,BAC,Bank of America Corp.,Financials,36.55,36.75,35.56,35.87,35.33,3553937,-1.521,270,10.4,2.9,0.95,61.37,0.288,69,HOLD
2023-06-15,JNJ,Johnson & Johnson,Healthcare,204.48,205.17,203.45,204.02,200.96,4174589,-0.243,410,15.6,3.1,0.93,61.01,0.483,82,HOLD
2023-06-15,JPM,JPMorgan Chase & Co.,Financials,186.72,189.32,186.21,188.26,185.44,3542772,0.772,540,11.8,2.45,0.79,55.11,0.7,71,HOLD
2023-06-15,MSFT,Microsoft Corp.,Technology,328.97,331.91,321.67,324.29,319.43,4527203,-1.554,2600,33.2,0.72,1.22,42.91,0.696,85,BUY
2023-06-15,NVDA,NVIDIA Corp.,Technology,446.78,449.15,436.12,437.11,430.55,6029612,-1.768,2100,65.4,0.08,1.1,83.09,0.771,74,SELL
2023-06-15,PFE,Pfizer Inc.,Healthcare,34.98,35.25,34.48,35.1,34.57,3967022,1.085,170,14.1,5.4,0.72,57.29,0.501,80,HOLD
2023-06-15,TSLA,Tesla Inc.,Consumer Discretionary,241.48,246.8,230.48,231.03,227.56,17078704,-4.21,780,72.3,0.0,0.48,51.54,0.68,62,HOLD
2023-06-15,XOM,Exxon Mobil Corp.,Energy,104.01,104.17,103.83,104.11,102.54,4832323,0.432,440,12.2,3.65,0.98,64.69,0.177,58,HOLD
2023-06-16,AAPL,Apple Inc.,Technology,199.46,201.14,198.3,200.42,197.42,8308847,-0.423,2800,29.5,0.55,0.88,34.84,0.833,78,BUY
2023-06-16,AMZN,Amazon.com Inc.,Consumer Discretionary,171.92,174.97,169.37,174.88,172.25,12400616,1.202,1850,42.0,0.0,0.85,45.9,0.503,65,HOLD
2023-06-16,BAC,Bank of America Corp.,Financials,35.95,36.56,35.74,36.19,35.65,2699209,0.899,270,10.4,2.9,0.76,47.15,0.346,69,HOLD
2023-06-16,JNJ,Johnson & Johnson,Healthcare,203.47,206.76,202.55,205.59,202.5,4554913,0.769,410,15.6,3.1,0.94,40.15,0.581,82,BUY
2023-06-16,JPM,JPMorgan Chase & Co.,Financials,189.41,191.44,187.45,187.56,184.75,2588171,-0.372,540,11.8,2.45,0.64,31.39,0.175,71,BUY
2023-06-16,MSFT,Microsoft Corp.,Technology,324.7,331.69,324.33,330.71,325.75,1513270,1.979,2600,33.2,0.72,0.9,37.59,0.624,85,BUY
2023-06-16,NVDA,NVIDIA Corp.,Technology,434.05,436.64,430.09,432.25,425.76,14174573,-1.112,2100,65.4,0.08,1.19,62.24,0.324,74,HOLD
2023-06-16,PFE,Pfizer Inc.,Healthcare,35.05,35.32,34.37,34.4,33.89,3487121,-1.987,170,14.1,5.4,0.7,52.31,0.582,80,HOLD
2023-06-16,TSLA,Tesla Inc.,Consumer Discretionary,230.38,235.26,227.42,232.74,229.25,13478090,0.742,780,72.3,0.0,0.85,46.12,0.504,62,HOLD
2023-06-16,XOM,Exxon Mobil Corp.,Energy,102.84,105.78,102.67,104.75,103.18,4189725,0.623,440,12.2,3.65,0.85,57.16,0.51,58,HOLD
2023-06-19,AAPL,Apple Inc.,Technology,202.59,202.78,191.74,194.87,191.94,4284667,-2.771,2800,29.5,0.55,1.13,63.21,0.447,78,HOLD
2023-06-19,AMZN,Amazon.com Inc.,Consumer Discretionary,174.92,175.42,170.21,171.86,169.28,10558218,-1.726,1850,42.0,0.0,0.99,47.26,0.616,65,HOLD
2023-06-19,BAC,Bank of America Corp.,Financials,36.18,36.85,36.01,36.75,36.2,3137088,1.538,270,10.4,2.9,0.97,53.76,0.601,69,HOLD
2023-06-19,JNJ,Johnson & Johnson,Healthcare,205.13,206.04,203.51,205.28,202.2,5332180,-0.152,410,15.6,3.1,0.8,36.81,0.245,82,BUY
2023-06-19,JPM,JPMorgan Chase & Co.,Financials,188.46,191.16,185.92,186.3,183.5,2702946,-0.675,540,11.8,2.45,0.89,54.03,0.377,71,HOLD
2023-06-19,MSFT,Microsoft Corp.,Technology,329.33,339.14,328.93,337.29,332.23,3014883,1.988,2600,33.2,0.72,1.0,77.39,0.718,85,SELL
2023-06-19,NVDA,NVIDIA Corp.,Technology,430.48,446.57,425.5,443.72,437.06,12959341,2.654,2100,65.4,0.08,1.04,59.75,0.757,74,HOLD
2023-06-19,PFE,Pfizer Inc.,Healthcare,34.61,35.21,34.44,34.67,34.15,4184230,0.781,170,14.1,5.4,0.91,31.52,0.653,80,BUY
2023-06-19,TSLA,Tesla Inc.,Consumer Discretionary,232.01,236.75,227.55,234.65,231.13,13838146,0.819,780,72.3,0.0,0.77,59.31,0.473,62,HOLD
2023-06-19,XOM,Exxon Mobil Corp.,Energy,105.35,105.76,100.23,101.2,99.68,4900924,-3.391,440,12.2,3.65,0.85,50.89,0.472,58,HOLD
2023-06-20,AAPL,Apple Inc.,Technology,196.32,201.25,195.62,200.12,197.12,11729105,2.698,2800,29.5,0.55,1.0,44.3,0.597,78,BUY
2023-06-20,AMZN,Amazon.com Inc.,Consumer Discretionary,172.43,173.13,170.63,171.37,168.8,16890650,-0.286,1850,42.0,0.0,0.94,41.35,0.719,65,BUY
2023-06-20,BAC,Bank of America Corp.,Financials,36.91,36.93,36.25,36.26,35.72,3740863,-1.338,270,10.4,2.9,0.94,34.65,0.768,69,BUY
2023-06-20,JNJ,Johnson & Johnson,Healthcare,204.78,207.07,204.06,206.05,202.96,3474429,0.376,410,15.6,3.1,0.4,55.3,0.541,82,HOLD
2023-06-20,JPM,JPMorgan Chase & Co.,Financials,186.35,186.6,182.68,185.79,183.01,1060901,-0.269,540,11.8,2.45,0.94,50.39,0.673,71,HOLD
2023-06-20,MSFT,Microsoft Corp.,Technology,336.4,337.01,335.05,336.58,331.53,5564358,-0.209,2600,33.2,0.72,0.9,46.96,0.811,85,HOLD
2023-06-20,NVDA,NVIDIA Corp.,Technology,443.08,453.42,442.48,444.93,438.26,6081588,0.274,2100,65.4,0.08,1.28,54.5,0.479,74,HOLD
2023-06-20,PFE,Pfizer Inc.,Healthcare,34.72,34.98,34.57,34.61,34.09,3721312,-0.178,170,14.1,5.4,0.93,56.66,0.583,80,HOLD
2023-06-20,TSLA,Tesla Inc.,Consumer Discretionary,232.13,233.48,225.12,229.34,225.9,11975743,-2.263,780,72.3,0.0,1.04,84.66,0.341,62,SELL
2023-06-20,XOM,Exxon Mobil Corp.,Energy,101.66,102.29,98.75,98.84,97.36,6072256,-2.332,440,12.2,3.65,0.58,29.2,0.642,58,STRONG_BUY
2023-06-21,AAPL,Apple Inc.,Technology,199.81,204.36,199.72,201.37,198.35,9451443,0.623,2800,29.5,0.55,1.14,20.72,0.741,78,STRONG_BUY
2023-06-21,AMZN,Amazon.com Inc.,Consumer Discretionary,171.82,179.72,169.75,175.21,172.58,10212756,2.244,1850,42.0,0.0,1.14,59.57,0.614,65,HOLD
2023-06-21,BAC,Bank of America Corp.,Financials,36.55,36.8,35.5,36.18,35.64,3992614,-0.219,270,10.4,2.9,0.92,57.64,0.726,69,HOLD
2023-06-21,JNJ,Johnson & Johnson,Healthcare,205.4,206.64,204.64,205.4,202.32,7414399,-0.313,410,15.6,3.1,0.71,42.99,0.7,82,BUY
2023-06-21,JPM,JPMorgan Chase & Co.,Financials,187.18,189.32,186.61,186.68,183.88,3010333,0.478,540,11.8,2.45,0.65,49.59,0.644,71,HOLD
2023-06-21,MSFT,Microsoft Corp.,Technology,335.73,337.09,330.66,335.13,330.1,2140359,-0.431,2600,33.2,0.72,1.01,73.19,0.564,85,SELL
2023-06-21,NVDA,NVIDIA Corp.,Technology,452.65,458.88,430.02,446.41,439.71,11325836,0.332,2100,65.4,0.08,1.15,43.7,0.618,74,BUY
2023-06-21,PFE,Pfizer Inc.,Healthcare,34.71,34.78,33.62,33.68,33.18,1710723,-2.68,170,14.1,5.4,0.68,46.42,0.27,80,HOLD
2023-06-21,TSLA,Tesla Inc.,Consumer Discretionary,230.45,264.79,229.52,256.34,252.49,9558131,11.772,780,72.3,0.0,0.75,53.02,0.44,62,HOLD
2023-06-21,XOM,Exxon Mobil Corp.,Energy,98.62,101.22,96.4,98.02,96.55,4901695,-0.831,440,12.2,3.65,0.86,67.11,0.987,58,HOLD
2023-06-22,AAPL,Apple Inc.,Technology,200.15,202.49,198.05,200.14,197.14,8363045,-0.612,2800,29.5,0.55,1.17,51.34,0.612,78,HOLD
2023-06-22,AMZN,Amazon.com Inc.,Consumer Discretionary,174.34,176.26,170.37,173.02,170.42,6920989,-1.251,1850,42.0,0.0,0.81,53.44,0.519,65,HOLD
2023-06-22,BAC,Bank of America Corp.,Financials,35.92,36.08,35.7,35.89,35.35,5948854,-0.796,270,10.4,2.9,0.65,70.45,0.57,69,SELL
2023-06-22,JNJ,Johnson & Johnson,Healthcare,204.91,207.98,202.73,203.67,200.62,5542433,-0.843,410,15.6,3.1,0.91,29.51,0.639,82,STRONG_BUY
2023-06-22,JPM,JPMorgan Chase & Co.,Financials,185.68,190.06,185.05,188.67,185.84,2972073,1.066,540,11.8,2.45,0.96,74.38,0.525,71,SELL
2023-06-22,MSFT,Microsoft Corp.,Technology,333.63,337.63,323.67,325.36,320.48,3883186,-2.914,2600,33.2,0.72,0.95,39.09,0.289,85,BUY
2023-06-22,NVDA,NVIDIA Corp.,Technology,450.94,470.47,448.67,463.99,457.03,7998888,3.938,2100,65.4,0.08,1.07,65.06,0.61,74,HOLD
2023-06-22,PFE,Pfizer Inc.,Healthcare,33.66,33.99,33.6,33.93,33.42,4933891,0.731,170,14.1,5.4,0.89,46.91,0.272,80,HOLD
2023-06-22,TSLA,Tesla Inc.,Consumer Discretionary,256.63,259.29,240.63,245.66,241.98,7184734,-4.164,780,72.3,0.0,0.74,34.06,0.591,62,BUY
2023-06-22,XOM,Exxon Mobil Corp.,Energy,97.88,99.02,96.87,98.24,96.77,2410163,0.225,440,12.2,3.65,0.46,44.72,0.623,58,BUY
2023-06-23,AAPL,Apple Inc.,Technology,200.41,200.88,190.53,192.67,189.78,12271234,-3.731,2800,29.5,0.55,1.18,40.26,0.299,78,BUY
2023-06-23,AMZN,Amazon.com Inc.,Consumer Discretionary,172.05,181.44,169.71,180.9,178.18,11513214,4.553,1850,42.0,0.0,1.03,48.41,0.574,65,HOLD
2023-06-23,BAC,Bank of America Corp.,Financials,35.85,36.1,35.7,36.02,35.48,3437240,0.342,270,10.4,2.9,1.12,45.95,0.717,69,HOLD
2023-06-23,JNJ,Johnson & Johnson,Healthcare,203.02,205.61,201.37,205.35,202.27,2776863,0.823,410,15.6,3.1,0.68,47.3,0.828,82,HOLD
2023-06-23,JPM,JPMorgan Chase & Co.,Financials,188.69,189.73,187.11,187.28,184.47,4059896,-0.738,540,11.8,2.45,0.84,61.33,0.639,71,HOLD
2023-06-23,MSFT,Microsoft Corp.,Technology,325.98,326.2,325.47,325.95,321.06,4276258,0.18,2600,33.2,0.72,1.29,72.98,0.404,85,SELL
2023-06-23,NVDA,NVIDIA Corp.,Technology,464.82,475.57,458.92,465.26,458.28,13487836,0.273,2100,65.4,0.08,1.05,37.68,0.419,74,BUY
2023-06-23,PFE,Pfizer Inc.,Healthcare,33.96,34.37,33.84,34.01,33.5,6131414,0.245,170,14.1,5.4,0.75,33.3,0.475,80,BUY
2023-06-23,TSLA,Tesla Inc.,Consumer Discretionary,248.77,252.41,247.94,248.11,244.39,11608277,0.996,780,72.3,0.0,0.81,63.26,0.903,62,HOLD
2023-06-23,XOM,Exxon Mobil Corp.,Energy,98.57,98.87,97.19,98.48,97.0,5441215,0.24,440,12.2,3.65,0.91,48.46,0.527,58,HOLD
2023-06-26,AAPL,Apple Inc.,Technology,194.83,195.5,190.89,191.63,188.76,13605992,-0.539,2800,29.5,0.55,1.07,48.37,0.593,78,HOLD
2023-06-26,AMZN,Amazon.com Inc.,Consumer Discretionary,179.38,181.95,178.62,181.92,179.19,9458583,0.565,1850,42.0,0.0,0.77,53.39,0.678,65,HOLD
2023-06-26,BAC,Bank of America Corp.,Financials,35.99,35.99,35.92,35.94,35.4,3394786,-0.204,270,10.4,2.9,0.74,35.63,0.779,69,BUY
2023-06-26,JNJ,Johnson & Johnson,Healthcare,205.41,205.91,200.75,200.76,197.75,5323436,-2.235,410,15.6,3.1,1.16,25.78,0.451,82,BUY
2023-06-26,JPM,JPMorgan Chase & Co.,Financials,186.7,187.45,184.61,187.2,184.39,7187921,-0.041,540,11.8,2.45,0.78,37.55,0.328,71,BUY
2023-06-26,MSFT,Microsoft Corp.,Technology,324.15,332.48,320.17,330.31,325.36,2428437,1.338,2600,33.2,0.72,1.14,66.25,0.385,85,HOLD
2023-06-26,NVDA,NVIDIA Corp.,Technology,465.43,482.59,455.63,471.76,464.68,10983532,1.397,2100,65.4,0.08,1.08,66.18,0.166,74,HOLD
2023-06-26,PFE,Pfizer Inc.,Healthcare,34.0,34.34,33.95,34.18,33.67,3569855,0.501,170,14.1,5.4,0.97,50.62,0.796,80,HOLD
2023-06-26,TSLA,Tesla Inc.,Consumer Discretionary,251.86,252.66,240.72,245.24,241.57,17620621,-1.155,780,72.3,0.0,0.76,41.66,0.222,62,BUY
2023-06-26,XOM,Exxon Mobil Corp.,Energy,98.47,101.36,97.23,100.28,98.78,5351370,1.832,440,12.2,3.65,1.05,23.74,0.68,58,STRONG_BUY
2023-06-27,AAPL,Apple Inc.,Technology,190.92,192.1,189.14,191.88,189.0,9335019,0.127,2800,29.5,0.55,1.1,43.76,0.631,78,BUY
2023-06-27,AMZN,Amazon.com Inc.,Consumer Discretionary,181.13,187.29,179.9,185.47,182.69,9779419,1.95,1850,42.0,0.0,1.07,74.62,0.589,65,SELL
2023-06-27,BAC,Bank of America Corp.,Financials,36.09,37.24,35.99,37.23,36.68,3160470,3.594,270,10.4,2.9,1.14,27.74,0.196,69,BUY
2023-06-27,JNJ,Johnson & Johnson,Healthcare,199.76,202.01,197.62,198.91,195.92,3660672,-0.922,410,15.6,3.1,0.89,30.68,0.757,82,BUY
2023-06-27,JPM,JPMorgan Chase & Co.,Financials,187.98,189.24,187.73,188.56,185.74,4325481,0.727,540,11.8,2.45,0.85,45.43,0.712,71,HOLD
2023-06-27,MSFT,Microsoft Corp.,Technology,330.75,335.16,327.4,329.31,324.37,2789607,-0.304,2600,33.2,0.72,1.06,52.61,0.855,85,HOLD
2023-06-27,NVDA,NVIDIA Corp.,Technology,471.87,473.49,450.68,454.77,447.95,4563002,-3.601,2100,65.4,0.08,1.04,71.59,0.864,74,SELL
2023-06-27,PFE,Pfizer Inc.,Healthcare,34.15,34.24,33.07,33.41,32.9,4820276,-2.268,170,14.1,5.4,1.0,36.29,0.806,80,BUY
2023-06-27,TSLA,Tesla Inc.,Consumer Discretionary,249.36,249.81,216.58,223.17,219.83,15245068,-8.999,780,72.3,0.0,0.79,52.83,0.682,62,HOLD
2023-06-27,XOM,Exxon Mobil Corp.,Energy,100.69,104.41,99.56,103.14,101.59,2795623,2.85,440,12.2,3.65,1.12,54.54,0.403,58,HOLD
2023-06-28,AAPL,Apple Inc.,Technology,192.23,196.87,187.22,195.12,192.19,17309311,1.689,2800,29.5,0.55,0.94,67.51,0.525,78,HOLD
2023-06-28,AMZN,Amazon.com Inc.,Consumer Discretionary,186.2,188.7,185.64,186.57,183.77,10637980,0.594,1850,42.0,0.0,0.92,53.94,0.313,65,HOLD
2023-06-28,BAC,Bank of America Corp.,Financials,37.45,37.98,37.23,37.82,37.25,5946357,1.567,270,10.4,2.9,0.5,48.55,0.872,69,HOLD
2023-06-28,JNJ,Johnson & Johnson,Healthcare,199.0,202.74,198.27,201.99,198.96,5250463,1.549,410,15.6,3.1,0.78,37.58,0.666,82,BUY
2023-06-28,JPM,JPMorgan Chase & Co.,Financials,188.02,196.62,187.52,194.41,191.49,4698734,3.099,540,11.8,2.45,0.73,49.61,0.245,71,HOLD
2023-06-28,MSFT,Microsoft Corp.,Technology,329.21,335.44,328.33,332.45,327.47,4790448,0.955,2600,33.2,0.72,1.07,51.67,0.366,85,HOLD
2023-06-28,NVDA,NVIDIA Corp.,Technology,459.44,471.05,442.41,462.18,455.25,13003049,1.63,2100,65.4,0.08,1.12,23.74,0.401,74,BUY
2023-06-28,PFE,Pfizer Inc.,Healthcare,33.42,33.71,33.01,33.41,32.91,3041017,0.011,170,14.1,5.4,1.01,62.72,0.694,80,HOLD
2023-06-28,TSLA,Tesla Inc.,Consumer Discretionary,222.53,223.73,219.96,222.84,219.5,11285199,-0.148,780,72.3,0.0,0.4,73.13,0.544,62,SELL
2023-06-28,XOM,Exxon Mobil Corp.,Energy,102.24,106.56,101.05,104.46,102.89,5434841,1.282,440,12.2,3.65,0.97,43.33,0.371,58,BUY
2023-06-29,AAPL,Apple Inc.,Technology,194.43,198.06,194.14,196.17,193.22,11915255,0.538,2800,29.5,0.55,1.4,51.57,0.385,78,HOLD
2023-06-29,AMZN,Amazon.com Inc.,Consumer Discretionary,187.12,190.78,186.97,190.7,187.84,9782158,2.215,1850,42.0,0.0,0.96,37.99,0.319,65,BUY
2023-06-29,BAC,Bank of America Corp.,Financials,37.73,37.83,37.38,37.6,37.03,4554029,-0.585,270,10.4,2.9,0.64,81.38,0.575,69,SELL
2023-06-29,JNJ,Johnson & Johnson,Healthcare,201.53,203.01,197.26,197.51,194.55,3409747,-2.216,410,15.6,3.1,0.62,50.47,0.663,82,HOLD
2023-06-29,JPM,JPMorgan Chase & Co.,Financials,192.94,195.35,190.36,194.45,191.53,4600849,0.019,540,11.8,2.45,0.89,48.9,0.7,71,HOLD
2023-06-29,MSFT,Microsoft Corp.,Technology,332.76,338.56,331.59,334.27,329.26,6348448,0.546,2600,33.2,0.72,1.09,52.22,0.461,85,HOLD
2023-06-29,NVDA,NVIDIA Corp.,Technology,462.27,464.01,457.69,462.33,455.39,5068125,0.031,2100,65.4,0.08,1.2,58.7,0.476,74,HOLD
2023-06-29,PFE,Pfizer Inc.,Healthcare,33.43,33.69,32.81,32.84,32.35,5638107,-1.697,170,14.1,5.4,0.91,34.12,0.501,80,BUY
2023-06-29,TSLA,Tesla Inc.,Consumer Discretionary,225.14,225.2,213.91,215.41,212.18,4904297,-3.337,780,72.3,0.0,0.98,62.34,0.929,62,HOLD
2023-06-29,XOM,Exxon Mobil Corp.,Energy,105.09,108.08,103.93,107.03,105.42,1849485,2.458,440,12.2,3.65,0.78,42.6,0.268,58,BUY
2023-06-30,AAPL,Apple Inc.,Technology,197.28,199.24,194.85,196.96,194.0,12235555,0.402,2800,29.5,0.55,0.93,74.87,0.344,78,SELL
2023-06-30,AMZN,Amazon.com Inc.,Consumer Discretionary,190.62,193.35,187.22,191.62,188.74,8153045,0.48,1850,42.0,0.0,0.55,45.69,0.347,65,HOLD
2023-06-30,BAC,Bank of America Corp.,Financials,37.61,38.86,37.15,38.19,37.62,3278760,1.581,270,10.4,2.9,1.04,58.15,0.527,69,HOLD
2023-06-30,JNJ,Johnson & Johnson,Healthcare,196.94,197.52,195.2,196.07,193.13,3698840,-0.731,410,15.6,3.1,0.99,65.92,0.828,82,HOLD
2023-06-30,JPM,JPMorgan Chase & Co.,Financials,193.53,194.49,191.19,191.21,188.34,3806082,-1.663,540,11.8,2.45,1.01,47.73,0.474,71,HOLD
2023-06-30,MSFT,Microsoft Corp.,Technology,335.38,336.73,326.8,327.49,322.58,4411913,-2.028,2600,33.2,0.72,1.0,41.03,0.508,85,BUY
2023-06-30,NVDA,NVIDIA Corp.,Technology,463.07,474.71,461.73,467.27,460.26,2380272,1.069,2100,65.4,0.08,0.88,72.0,0.582,74,SELL
2023-06-30,PFE,Pfizer Inc.,Healthcare,32.86,32.92,31.38,31.61,31.14,1619121,-3.741,170,14.1,5.4,0.95,49.28,0.418,80,HOLD
2023-06-30,TSLA,Tesla Inc.,Consumer Discretionary,213.71,219.67,194.0,198.11,195.14,11828558,-8.031,780,72.3,0.0,0.76,39.65,0.469,62,BUY
2023-06-30,XOM,Exxon Mobil Corp.,Energy,107.18,107.8,106.33,107.61,105.99,3680294,0.541,440,12.2,3.65,0.97,68.05,0.592,58,HOLD
2023-07-03,AAPL,Apple Inc.,Technology,196.69,201.21,194.15,200.6,197.59,11975410,1.849,2800,29.5,0.55,0.96,28.41,0.614,78,STRONG_BUY
2023-07-03,AMZN,Amazon.com Inc.,Consumer Discretionary,190.81,192.37,185.68,187.65,184.84,5411602,-2.07,1850,42.0,0.0,0.76,44.86,0.832,65,BUY
2023-07-03,BAC,Bank of America Corp.,Financials,38.18,39.31,37.67,39.31,38.72,2641462,2.933,270,10.4,2.9,0.71,65.62,0.861,69,HOLD
2023-07-03,JNJ,Johnson & Johnson,Healthcare,195.73,195.94,193.17,194.94,192.01,4985552,-0.577,410,15.6,3.1,0.99,74.51,0.696,82,SELL
2023-07-03,JPM,JPMorgan Chase & Co.,Financials,190.21,190.4,185.9,186.2,183.4,4429014,-2.623,540,11.8,2.45,0.84,42.3,0.551,71,BUY
2023-07-03,MSFT,Microsoft Corp.,Technology,327.02,340.91,324.41,336.56,331.51,4571027,2.768,2600,33.2,0.72,1.13,32.39,0.631,85,BUY
2023-07-03,NVDA,NVIDIA Corp.,Technology,465.23,470.14,457.1,465.86,458.88,16665517,-0.301,2100,65.4,0.08,1.1,67.94,0.441,74,HOLD
2023-07-03,PFE,Pfizer Inc.,Healthcare,31.65,32.82,31.63,32.51,32.02,2907083,2.832,170,14.1,5.4,0.83,32.59,0.503,80,BUY
2023-07-03,TSLA,Tesla Inc.,Consumer Discretionary,199.2,201.13,181.53,184.94,182.17,11147557,-6.646,780,72.3,0.0,0.63,59.05,0.0,62,HOLD
2023-07-03,XOM,Exxon Mobil Corp.,Energy,107.67,108.01,106.73,107.07,105.47,2580534,-0.496,440,12.2,3.65,0.74,51.54,0.681,58,HOLD
2023-07-04,AAPL,Apple Inc.,Technology,201.36,203.38,198.86,202.83,199.79,9474805,1.115,2800,29.5,0.55,1.1,49.58,0.573,78,HOLD
2023-07-04,AMZN,Amazon.com Inc.,Consumer Discretionary,186.59,188.61,181.31,187.18,184.37,11749375,-0.254,1850,42.0,0.0,0.87,46.94,0.192,65,HOLD
2023-07-04,BAC,Bank of America Corp.,Financials,39.05,39.7,38.58,39.4,38.81,4462159,0.239,270,10.4,2.9,0.93,46.88,0.403,69,HOLD
2023-07-04,JNJ,Johnson & Johnson,Healthcare,194.03,197.71,193.12,197.23,194.27,5248608,1.175,410,15.6,3.1,1.0,42.8,0.35,82,BUY
2023-07-04,JPM,JPMorgan Chase & Co.,Financials,186.02,186.82,181.2,183.2,180.45,4281183,-1.61,540,11.8,2.45,1.01,52.58,0.568,71,HOLD
2023-07-04,MSFT,Microsoft Corp.,Technology,337.99,343.46,337.89,341.37,336.25,4956660,1.431,2600,33.2,0.72,1.45,67.02,0.512,85,HOLD
2023-07-04,NVDA,NVIDIA Corp.,Technology,465.76,472.61,465.68,470.19,463.13,7154449,0.928,2100,65.4,0.08,1.1,55.16,0.698,74,HOLD
2023-07-04,PFE,Pfizer Inc.,Healthcare,32.57,32.57,32.18,32.51,32.02,5083631,-0.004,170,14.1,5.4,0.89,55.03,0.549,80,HOLD
2023-07-04,TSLA,Tesla Inc.,Consumer Discretionary,183.26,183.31,169.35,170.53,167.97,6135490,-7.794,780,72.3,0.0,0.81,38.13,0.378,62,BUY
2023-07-04,XOM,Exxon Mobil Corp.,Energy,107.56,108.39,103.37,105.28,103.7,2840376,-1.678,440,12.2,3.65,0.92,45.52,0.287,58,HOLD
2023-07-05,AAPL,Apple Inc.,Technology,201.03,202.64,195.48,198.25,195.28,4565455,-2.26,2800,29.5,0.55,1.01,33.9,0.495,78,BUY
2023-07-05,AMZN,Amazon.com Inc.,Consumer Discretionary,187.33,190.95,182.23,183.36,180.61,12125213,-2.039,1850,42.0,0.0,0.67,57.91,0.357,65,HOLD
2023-07-05,BAC,Bank of America Corp.,Financials,39.42,40.16,39.07,39.66,39.07,3786782,0.651,270,10.4,2.9,0.93,52.63,0.435,69,HOLD
2023-07-05,JNJ,Johnson & Johnson,Healthcare,197.58,197.61,195.82,196.88,193.93,2978512,-0.175,410,15.6,3.1,0.73,39.32,0.677,82,BUY
2023-07-05,JPM,JPMorgan Chase & Co.,Financials,184.78,190.02,184.49,187.74,184.92,4121002,2.479,540,11.8,2.45,0.86,58.89,0.474,71,HOLD
2023-07-05,MSFT,Microsoft Corp.,Technology,340.93,349.0,339.18,345.94,340.75,6997936,1.337,2600,33.2,0.72,0.95,63.63,0.415,85,HOLD
2023-07-05,NVDA,NVIDIA Corp.,Technology,467.65,485.51,463.78,474.71,467.59,8161138,0.963,2100,65.4,0.08,0.98,37.11,0.735,74,BUY
2023-07-05,PFE,Pfizer Inc.,Healthcare,32.54,32.74,31.11,31.79,31.31,3604066,-2.216,170,14.1,5.4,0.89,48.94,0.541,80,HOLD
2023-07-05,TSLA,Tesla Inc.,Consumer Discretionary,173.35,177.69,168.81,176.95,174.3,14814567,3.768,780,72.3,0.0,0.76,76.27,0.565,62,SELL
2023-07-05,XOM,Exxon Mobil Corp.,Energy,104.19,106.34,103.01,103.72,102.17,1236389,-1.477,440,12.2,3.65,0.86,55.97,0.344,58,HOLD
2023-07-06,AAPL,Apple Inc.,Technology,199.33,205.45,195.29,204.19,201.13,13436179,2.996,2800,29.5,0.55,1.44,17.01,0.492,78,BUY
2023-07-06,AMZN,Amazon.com Inc.,Consumer Discretionary,183.09,183.76,179.19,180.31,177.61,10501920,-1.663,1850,42.0,0.0,0.97,65.45,0.654,65,HOLD
2023-07-06,BAC,Bank of America Corp.,Financials,39.52,40.36,39.03,39.92,39.32,4688023,0.66,270,10.4,2.9,0.73,36.08,0.509,69,BUY
2023-07-06,JNJ,Johnson & Johnson,Healthcare,196.02,197.95,195.66,197.68,194.72,5818809,0.406,410,15.6,3.1,1.03,42.0,0.67,82,BUY
2023-07-06,JPM,JPMorgan Chase & Co.,Financials,187.18,190.43,186.25,188.04,185.22,2051258,0.158,540,11.8,2.45,0.8,50.39,0.857,71,HOLD
2023-07-06,MSFT,Microsoft Corp.,Technology,344.66,358.67,342.29,357.1,351.75,3458017,3.228,2600,33.2,0.72,0.81,52.36,0.542,85,HOLD
2023-07-06,NVDA,NVIDIA Corp.,Technology,476.86,490.83,439.19,448.0,441.28,2735441,-5.627,2100,65.4,0.08,1.05,49.9,0.535,74,HOLD
2023-07-06,PFE,Pfizer Inc.,Healthcare,31.74,32.18,31.57,31.77,31.29,3743043,-0.066,170,14.1,5.4,1.02,31.25,0.529,80,BUY
2023-07-06,TSLA,Tesla Inc.,Consumer Discretionary,176.01,188.79,172.62,187.0,184.2,7796420,5.679,780,72.3,0.0,0.63,58.0,0.328,62,HOLD
2023-07-06,XOM,Exxon Mobil Corp.,Energy,103.18,103.32,99.74,100.59,99.08,2858171,-3.021,440,12.2,3.65,0.8,61.09,0.487,58,HOLD
2023-07-07,AAPL,Apple Inc.,Technology,202.5,205.13,196.74,200.02,197.02,18150166,-2.042,2800,29.5,0.55,1.19,61.52,0.681,78,HOLD
2023-07-07,AMZN,Amazon.com Inc.,Consumer Discretionary,179.46,179.69,173.27,175.45,172.82,13726305,-2.696,1850,42.0,0.0,0.75,47.88,0.96,65,HOLD
2023-07-07,BAC,Bank of America Corp.,Financials,39.75,40.81,39.18,40.33,39.72,3697453,1.013,270,10.4,2.9,0.8,19.43,0.367,69,BUY
2023-07-07,JNJ,Johnson & Johnson,Healthcare,197.44,203.15,195.2,200.72,197.71,1835210,1.538,410,15.6,3.1,0.72,74.06,0.788,82,SELL
2023-07-07,JPM,JPMorgan Chase & Co.,Financials,188.14,190.0,187.35,188.94,186.1,4080643,0.478,540,11.8,2.45,1.03,61.89,0.429,71,HOLD
2023-07-07,MSFT,Microsoft Corp.,Technology,357.07,362.51,356.0,361.78,356.35,6448913,1.309,2600,33.2,0.72,1.03,42.21,0.367,85,BUY
2023-07-07,NVDA,NVIDIA Corp.,Technology,445.88,448.63,432.97,434.98,428.46,6880740,-2.906,2100,65.4,0.08,1.03,58.79,0.608,74,HOLD
2023-07-07,PFE,Pfizer Inc.,Healthcare,31.86,32.28,31.15,31.29,30.82,4577949,-1.507,170,14.1,5.4,1.02,38.99,0.335,80,BUY
2023-07-07,TSLA,Tesla Inc.,Consumer Discretionary,189.6,189.7,182.51,182.98,180.23,13999713,-2.153,780,72.3,0.0,0.98,64.83,0.488,62,HOLD
2023-07-07,XOM,Exxon Mobil Corp.,Energy,101.46,103.61,101.05,102.14,100.61,5718611,1.544,440,12.2,3.65,0.76,35.53,0.236,58,BUY
2023-07-10,AAPL,Apple Inc.,Technology,200.32,203.02,200.21,202.83,199.79,7361123,1.406,2800,29.5,0.55,1.09,28.3,0.499,78,BUY
2023-07-10,AMZN,Amazon.com Inc.,Consumer Discretionary,174.97,178.46,169.69,170.77,168.21,1280935,-2.665,1850,42.0,0.0,0.8,67.25,0.769,65,HOLD
2023-07-10,BAC,Bank of America Corp.,Financials,40.26,40.9,40.16,40.44,39.83,4707472,0.27,270,10.4,2.9,0.83,25.4,0.645,69,STRONG_BUY
2023-07-10,JNJ,Johnson & Johnson,Healthcare,200.88,204.66,200.88,204.21,201.15,4164790,1.737,410,15.6,3.1,0.93,89.94,0.249,82,SELL
2023-07-10,JPM,JPMorgan Chase & Co.,Financials,189.0,190.2,188.73,189.67,186.82,2558038,0.388,540,11.8,2.45,0.86,36.97,0.558,71,BUY
2023-07-10,MSFT,Microsoft Corp.,Technology,362.37,368.17,359.56,366.5,361.0,3536168,1.305,2600,33.2,0.72,0.98,36.81,0.44,85,BUY
2023-07-10,NVDA,NVIDIA Corp.,Technology,433.26,445.14,431.59,443.31,436.66,10027580,1.916,2100,65.4,0.08,1.13,49.7,0.491,74,HOLD
2023-07-10,PFE,Pfizer Inc.,Healthcare,31.5,31.98,30.2,30.55,30.09,3529899,-2.356,170,14.1,5.4,0.6,37.08,0.342,80,BUY
2023-07-10,TSLA,Tesla Inc.,Consumer Discretionary,182.77,198.14,182.62,190.88,188.02,13992750,4.32,780,72.3,0.0,0.6,60.2,0.603,62,HOLD
2023-07-10,XOM,Exxon Mobil Corp.,Energy,102.73,102.91,99.61,101.87,100.35,4187264,-0.262,440,12.2,3.65,0.84,63.27,0.741,58,HOLD
2023-07-11,AAPL,Apple Inc.,Technology,202.15,210.01,201.43,206.46,203.36,15300811,1.788,2800,29.5,0.55,0.86,43.55,0.689,78,BUY
2023-07-11,AMZN,Amazon.com Inc.,Consumer Discretionary,171.69,177.43,170.41,174.19,171.57,6848890,1.999,1850,42.0,0.0,0.64,52.26,0.538,65,HOLD
2023-07-11,BAC,Bank of America Corp.,Financials,40.27,40.42,39.58,39.78,39.19,4047612,-1.616,270,10.4,2.9,0.8,64.64,0.682,69,HOLD
2023-07-11,JNJ,Johnson & Johnson,Healthcare,205.42,205.81,201.61,201.92,198.89,4898392,-1.121,410,15.6,3.1,0.97,61.53,0.889,82,HOLD
2023-07-11,JPM,JPMorgan Chase & Co.,Financials,189.4,196.84,189.39,195.96,193.02,2272941,3.315,540,11.8,2.45,1.08,62.49,0.208,71,HOLD
2023-07-11,MSFT,Microsoft Corp.,Technology,367.43,370.52,352.74,354.07,348.76,3064701,-3.392,2600,33.2,0.72,0.9,35.96,0.731,85,BUY
2023-07-11,NVDA,NVIDIA Corp.,Technology,437.09,443.61,415.99,431.4,424.93,11708366,-2.687,2100,65.4,0.08,0.97,44.83,0.394,74,BUY
2023-07-11,PFE,Pfizer Inc.,Healthcare,30.55,31.04,30.16,30.89,30.42,4326622,1.105,170,14.1,5.4,0.86,42.88,0.812,80,BUY
2023-07-11,TSLA,Tesla Inc.,Consumer Discretionary,192.85,199.37,191.87,198.98,195.99,6518091,4.241,780,72.3,0.0,0.8,33.66,0.509,62,BUY
2023-07-11,XOM,Exxon Mobil Corp.,Energy,102.14,105.05,100.41,102.95,101.4,2695762,1.056,440,12.2,3.65,0.9,42.2,0.913,58,BUY
2023-07-12,AAPL,Apple Inc.,Technology,205.38,208.78,202.91,208.58,205.45,7895213,1.03,2800,29.5,0.55,1.17,29.7,0.608,78,STRONG_BUY
2023-07-12,AMZN,Amazon.com Inc.,Consumer Discretionary,175.39,175.62,171.22,172.64,170.05,14042491,-0.887,1850,42.0,0.0,0.88,52.04,0.585,65,HOLD
2023-07-12,BAC,Bank of America Corp.,Financials,39.66,40.16,38.72,39.06,38.47,2345225,-1.827,270,10.4,2.9,0.87,42.22,0.729,69,BUY
2023-07-12,JNJ,Johnson & Johnson,Healthcare,202.13,203.03,201.24,202.05,199.02,4075672,0.064,410,15.6,3.1,1.2,38.62,0.573,82,BUY
2023-07-12,JPM,JPMorgan Chase & Co.,Financials,195.6,195.95,192.15,192.25,189.36,4964830,-1.893,540,11.8,2.45,0.85,48.17,0.427,71,HOLD
2023-07-12,MSFT,Microsoft Corp.,Technology,352.62,353.4,344.2,352.91,347.61,4514474,-0.328,2600,33.2,0.72,1.17,64.91,0.494,85,HOLD
2023-07-12,NVDA,NVIDIA Corp.,Technology,434.76,447.62,431.84,440.62,434.01,7002256,2.136,2100,65.4,0.08,0.83,34.3,0.568,74,BUY
2023-07-12,PFE,Pfizer Inc.,Healthcare,30.84,31.49,30.54,31.22,30.75,5703026,1.086,170,14.1,5.4,0.67,34.32,0.578,80,BUY
2023-07-12,TSLA,Tesla Inc.,Consumer Discretionary,197.4,212.01,192.31,209.9,206.75,8249465,5.489,780,72.3,0.0,1.22,37.58,0.646,62,BUY
2023-07-12,XOM,Exxon Mobil Corp.,Energy,103.73,105.25,103.26,104.36,102.8,6433066,1.374,440,12.2,3.65,1.08,33.22,0.374,58,BUY
2023-07-13,AAPL,Apple Inc.,Technology,208.5,215.03,208.38,213.91,210.7,11651864,2.555,2800,29.5,0.55,1.16,68.89,0.575,78,HOLD
2023-07-13,AMZN,Amazon.com Inc.,Consumer Discretionary,173.19,183.83,170.69,183.79,181.03,10763324,6.457,1850,42.0,0.0,0.88,49.06,0.678,65,HOLD
2023-07-13,BAC,Bank of America Corp.,Financials,39.03,40.01,38.65,39.51,38.91,3210239,1.157,270,10.4,2.9,0.8,49.86,0.483,69,HOLD
2023-07-13,JNJ,Johnson & Johnson,Healthcare,201.12,205.93,199.86,205.02,201.95,3960324,1.47,410,15.6,3.1,1.07,50.3,0.294,82,HOLD
2023-07-13,JPM,JPMorgan Chase & Co.,Financials,192.79,194.37,192.6,193.91,191.0,4728702,0.864,540,11.8,2.45,1.06,52.57,0.627,71,HOLD
2023-07-13,MSFT,Microsoft Corp.,Technology,355.6,358.74,349.84,350.85,345.59,2617067,-0.583,2600,33.2,0.72,1.21,37.48,0.646,85,BUY
2023-07-13,NVDA,NVIDIA Corp.,Technology,442.36,446.3,437.96,438.9,432.32,11412141,-0.389,2100,65.4,0.08,1.02,70.41,0.451,74,SELL
2023-07-13,PFE,Pfizer Inc.,Healthcare,31.26,32.07,31.1,31.73,31.26,2016092,1.64,170,14.1,5.4,0.74,58.07,0.812,80,HOLD
2023-07-13,TSLA,Tesla Inc.,Consumer Discretionary,212.2,213.14,206.63,208.75,205.62,6860914,-0.546,780,72.3,0.0,0.74,52.92,0.537,62,HOLD
2023-07-13,XOM,Exxon Mobil Corp.,Energy,104.18,109.62,103.57,107.53,105.91,4351863,3.03,440,12.2,3.65,0.75,51.81,0.552,58,HOLD
2023-07-14,AAPL,Apple Inc.,Technology,213.15,215.84,207.97,211.3,208.13,5646478,-1.224,2800,29.5,0.55,1.23,41.94,0.425,78,BUY
2023-07-14,AMZN,Amazon.com Inc.,Consumer Discretionary,184.4,184.49,179.01,180.0,177.3,13872616,-2.06,1850,42.0,0.0,1.0,46.09,0.325,65,HOLD
2023-07-14,BAC,Bank of America Corp.,Financials,39.37,39.89,39.27,39.88,39.28,4181115,0.942,270,10.4,2.9,0.94,26.38,0.121,69,BUY
2023-07-14,JNJ,Johnson & Johnson,Healthcare,205.81,207.68,205.58,206.67,203.57,3593381,0.803,410,15.6,3.1,0.94,63.42,0.63,82,HOLD
2023-07-14,JPM,JPMorgan Chase & Co.,Financials,194.5,196.23,193.6,195.29,192.36,3196259,0.711,540,11.8,2.45,0.79,66.47,0.647,71,HOLD
2023-07-14,MSFT,Microsoft Corp.,Technology,352.4,360.02,352.24,356.47,351.12,3006588,1.601,2600,33.2,0.72,1.05,48.96,0.323,85,HOLD
2023-07-14,NVDA,NVIDIA Corp.,Technology,440.95,449.29,419.31,422.56,416.22,9291165,-3.724,2100,65.4,0.08,0.89,66.51,0.455,74,HOLD
2023-07-14,PFE,Pfizer Inc.,Healthcare,31.79,32.93,31.67,32.48,31.99,5487034,2.339,170,14.1,5.4,0.99,52.2,0.492,80,HOLD
2023-07-14,TSLA,Tesla Inc.,Consumer Discretionary,208.47,209.12,208.01,208.69,205.56,13055731,-0.03,780,72.3,0.0,0.4,57.86,0.66,62,HOLD
2023-07-14,XOM,Exxon Mobil Corp.,Energy,106.86,107.02,106.38,106.81,105.2,4733922,-0.669,440,12.2,3.65,1.02,58.5,0.941,58,HOLD
2023-07-17,AAPL,Apple Inc.,Technology,210.35,218.77,208.87,218.3,215.03,17779434,3.315,2800,29.5,0.55,0.99,59.34,0.327,78,HOLD
2023-07-17,AMZN,Amazon.com Inc.,Consumer Discretionary,181.1,182.06,176.66,179.51,176.82,7936724,-0.273,1850,42.0,0.0,0.81,69.39,0.609,65,HOLD
2023-07-17,BAC,Bank of America Corp.,Financials,39.96,40.41,39.7,40.31,39.71,1110560,1.082,270,10.4,2.9,0.7,55.33,0.686,69,HOLD
2023-07-17,JNJ,Johnson & Johnson,Healthcare,206.9,208.16,204.97,205.3,202.22,5691576,-0.66,410,15.6,3.1,0.86,83.06,0.234,82,SELL
2023-07-17,JPM,JPMorgan Chase & Co.,Financials,194.32,197.69,192.98,197.55,194.58,2288953,1.157,540,11.8,2.45,0.59,51.45,0.626,71,HOLD
2023-07-17,MSFT,Microsoft Corp.,Technology,357.49,357.91,346.87,348.52,343.3,2968219,-2.228,2600,33.2,0.72,1.17,53.58,0.424,85,HOLD
2023-07-17,NVDA,NVIDIA Corp.,Technology,418.16,429.78,410.25,426.75,420.35,9026582,0.992,2100,65.4,0.08,0.95,41.06,0.489,74,BUY
2023-07-17,PFE,Pfizer Inc.,Healthcare,32.55,32.94,32.5,32.9,32.4,100000,1.291,170,14.1,5.4,0.44,56.61,0.359,80,HOLD
2023-07-17,TSLA,Tesla Inc.,Consumer Discretionary,208.24,214.84,206.73,207.93,204.82,4504362,-0.362,780,72.3,0.0,0.79,55.85,0.825,62,HOLD
2023-07-17,XOM,Exxon Mobil Corp.,Energy,107.31,109.39,107.29,108.43,106.81,4073280,1.525,440,12.2,3.65,0.67,37.42,0.711,58,BUY
2023-07-18,AAPL,Apple Inc.,Technology,218.15,218.23,217.37,217.66,214.4,13373576,-0.294,2800,29.5,0.55,0.89,44.2,0.948,78,BUY
2023-07-18,AMZN,Amazon.com Inc.,Consumer Discretionary,179.75,183.05,177.67,181.51,178.78,8808808,1.111,1850,42.0,0.0,0.73,58.38,0.509,65,HOLD
2023-07-18,BAC,Bank of America Corp.,Financials,40.02,40.31,39.57,40.17,39.57,4151219,-0.348,270,10.4,2.9,0.95,65.41,0.387,69,HOLD
2023-07-18,JNJ,Johnson & Johnson,Healthcare,204.87,205.69,203.6,205.62,202.54,4159558,0.157,410,15.6,3.1,0.78,39.05,0.407,82,BUY
2023-07-18,JPM,JPMorgan Chase & Co.,Financials,199.97,200.23,196.44,198.01,195.04,4382215,0.232,540,11.8,2.45,0.85,50.71,0.177,71,HOLD
2023-07-18,MSFT,Microsoft Corp.,Technology,345.38,350.55,338.76,339.82,334.72,2784390,-2.498,2600,33.2,0.72,1.1,15.1,0.646,85,STRONG_BUY
2023-07-18,NVDA,NVIDIA Corp.,Technology,430.14,456.73,426.96,448.89,442.16,9475207,5.188,2100,65.4,0.08,1.17,44.65,0.292,74,BUY
2023-07-18,PFE,Pfizer Inc.,Healthcare,32.91,33.35,32.7,33.21,32.71,4798680,0.948,170,14.1,5.4,1.15,69.09,0.729,80,HOLD
2023-07-18,TSLA,Tesla Inc.,Consumer Discretionary,212.03,213.7,207.81,208.77,205.64,10238723,0.401,780,72.3,0.0,0.86,27.67,0.697,62,STRONG_BUY
2023-07-18,XOM,Exxon Mobil Corp.,Energy,108.72,109.78,108.24,109.06,107.42,4009778,0.576,440,12.2,3.65,1.13,57.62,0.435,58,HOLD
2023-07-19,AAPL,Apple Inc.,Technology,217.66,219.8,216.15,218.98,215.69,4975334,0.606,2800,29.5,0.55,1.27,65.67,0.206,78,HOLD
2023-07-19,AMZN,Amazon.com Inc.,Consumer Discretionary,183.0,183.6,174.53,176.88,174.23,16162909,-2.549,1850,42.0,0.0,0.74,24.79,0.527,65,STRONG_BUY
2023-07-19,BAC,Bank of America Corp.,Financials,40.01,41.11,39.7,40.51,39.9,2453383,0.843,270,10.4,2.9,0.88,63.18,0.669,69,HOLD
2023-07-19,JNJ,Johnson & Johnson,Healthcare,205.65,208.1,204.56,207.41,204.3,3231080,0.868,410,15.6,3.1,0.87,27.88,0.4,82,BUY
2023-07-19,JPM,JPMorgan Chase & Co.,Financials,199.17,200.56,194.88,195.64,192.71,2391608,-1.194,540,11.8,2.45,0.7,71.16,0.596,71,SELL
2023-07-19,MSFT,Microsoft Corp.,Technology,343.44,344.13,340.42,342.94,337.8,3529976,0.918,2600,33.2,0.72,0.98,58.07,0.408,85,HOLD
2023-07-19,NVDA,NVIDIA Corp.,Technology,452.34,460.38,436.2,444.36,437.69,10499832,-1.009,2100,65.4,0.08,0.89,43.54,0.446,74,BUY
2023-07-19,PFE,Pfizer Inc.,Healthcare,33.23,33.29,32.88,33.15,32.66,4800940,-0.162,170,14.1,5.4,0.81,70.54,0.481,80,SELL
2023-07-19,TSLA,Tesla Inc.,Consumer Discretionary,208.48,212.59,199.68,200.39,197.38,20131394,-4.015,780,72.3,0.0,0.82,44.25,0.572,62,BUY
2023-07-19,XOM,Exxon Mobil Corp.,Energy,109.77,110.03,107.9,108.16,106.54,2129080,-0.822,440,12.2,3.65,1.02,59.75,0.278,58,HOLD
2023-07-20,AAPL,Apple Inc.,Technology,220.9,222.06,220.5,221.31,217.99,7964116,1.064,2800,29.5,0.55,0.92,42.91,0.367,78,BUY
2023-07-20,AMZN,Amazon.com Inc.,Consumer Discretionary,175.89,176.41,172.92,174.28,171.67,7132304,-1.471,1850,42.0,0.0,0.99,69.13,0.759,65,HOLD
2023-07-20,BAC,Bank of America Corp.,Financials,40.46,41.7,40.29,41.26,40.64,2287491,1.851,270,10.4,2.9,0.98,73.72,0.806,69,SELL
2023-07-20,JNJ,Johnson & Johnson,Healthcare,207.54,207.72,205.05,205.68,202.59,4599147,-0.836,410,15.6,3.1,0.56,74.95,0.86,82,SELL
2023-07-20,JPM,JPMorgan Chase & Co.,Financials,194.12,194.29,192.13,192.16,189.27,4306123,-1.782,540,11.8,2.45,0.91,49.19,0.47,71,HOLD
2023-07-20,MSFT,Microsoft Corp.,Technology,342.55,347.89,338.58,347.79,342.57,3580452,1.414,2600,33.2,0.72,0.93,88.69,0.541,85,SELL
2023-07-20,NVDA,NVIDIA Corp.,Technology,440.99,441.04,436.6,438.11,431.54,8698497,-1.406,2100,65.4,0.08,1.35,56.47,0.419,74,HOLD
2023-07-20,PFE,Pfizer Inc.,Healthcare,33.13,33.23,33.03,33.17,32.67,3399347,0.038,170,14.1,5.4,0.78,48.53,0.243,80,HOLD
2023-07-20,TSLA,Tesla Inc.,Consumer Discretionary,201.45,209.95,198.91,204.88,201.8,4991100,2.24,780,72.3,0.0,0.72,47.13,0.537,62,HOLD
2023-07-20,XOM,Exxon Mobil Corp.,Energy,108.26,108.72,106.12,107.28,105.67,5729677,-0.818,440,12.2,3.65,0.75,73.82,0.665,58,SELL
2023-07-21,AAPL,Apple Inc.,Technology,221.35,222.59,217.0,218.37,215.1,13608720,-1.326,2800,29.5,0.55,1.42,58.48,0.57,78,HOLD
2023-07-21,AMZN,Amazon.com Inc.,Consumer Discretionary,174.5,176.36,172.69,173.67,171.06,15486874,-0.35,1850,42.0,0.0,0.56,57.86,0.685,65,HOLD
2023-07-21,BAC,Bank of America Corp.,Financials,41.79,41.82,41.09,41.69,41.06,1399529,1.043,270,10.4,2.9,0.59,64.54,0.296,69,HOLD
2023-07-21,JNJ,Johnson & Johnson,Healthcare,205.89,207.99,205.32,207.39,204.28,5467878,0.833,410,15.6,3.1,0.99,65.67,0.373,82,HOLD
2023-07-21,JPM,JPMorgan Chase & Co.,Financials,192.3,195.25,191.46,194.9,191.98,2877327,1.428,540,11.8,2.45,1.07,48.81,0.108,71,HOLD
2023-07-21,MSFT,Microsoft Corp.,Technology,349.19,352.66,341.46,341.83,336.7,4506018,-1.714,2600,33.2,0.72,1.07,22.8,0.611,85,STRONG_BUY
2023-07-21,NVDA,NVIDIA Corp.,Technology,448.26,463.41,445.19,459.95,453.05,9138152,4.985,2100,65.4,0.08,1.0,70.56,0.657,74,SELL
2023-07-21,PFE,Pfizer Inc.,Healthcare,33.02,33.45,32.88,33.38,32.88,3940989,0.657,170,14.1,5.4,0.81,58.22,0.556,80,HOLD
2023-07-21,TSLA,Tesla Inc.,Consumer Discretionary,199.9,202.27,185.11,191.46,188.59,11420879,-6.548,780,72.3,0.0,0.59,65.15,0.46,62,HOLD
2023-07-21,XOM,Exxon Mobil Corp.,Energy,107.95,114.01,107.62,111.74,110.06,1806477,4.158,440,12.2,3.65,0.76,53.31,0.577,58,HOLD
2023-07-24,AAPL,Apple Inc.,Technology,216.95,226.65,216.13,223.29,219.94,7532458,2.25,2800,29.5,0.55,1.11,59.82,0.54,78,HOLD
2023-07-24,AMZN,Amazon.com Inc.,Consumer Discretionary,173.39,180.58,172.22,177.97,175.3,11992512,2.474,1850,42.0,0.0,0.99,48.61,0.563,65,HOLD
2023-07-24,BAC,Bank of America Corp.,Financials,41.68,41.69,41.18,41.47,40.84,4810500,-0.537,270,10.4,2.9,1.04,73.57,0.633,69,SELL
2023-07-24,JNJ,Johnson & Johnson,Healthcare,208.19,209.74,207.93,209.67,206.52,4267573,1.099,410,15.6,3.1,0.96,49.29,0.343,82,HOLD
2023-07-24,JPM,JPMorgan Chase & Co.,Financials,194.62,198.96,193.36,197.79,194.82,3536915,1.481,540,11.8,2.45,0.97,54.09,0.458,71,HOLD
2023-07-24,MSFT,Microsoft Corp.,Technology,341.49,343.68,334.58,334.75,329.73,5732413,-2.071,2600,33.2,0.72,1.11,51.4,0.468,85,HOLD
2023-07-24,NVDA,NVIDIA Corp.,Technology,461.02,485.74,459.57,474.12,467.0,11055950,3.08,2100,65.4,0.08,0.97,26.19,0.582,74,STRONG_BUY
2023-07-24,PFE,Pfizer Inc.,Healthcare,33.56,34.24,33.54,34.1,33.59,4939424,2.137,170,14.1,5.4,0.84,65.15,0.742,80,HOLD
2023-07-24,TSLA,Tesla Inc.,Consumer Discretionary,194.75,200.58,180.19,180.25,177.55,14630241,-5.854,780,72.3,0.0,0.74,25.87,0.451,62,BUY
2023-07-24,XOM,Exxon Mobil Corp.,Energy,111.11,112.45,110.28,110.62,108.96,5220926,-0.999,440,12.2,3.65,0.76,89.51,0.52,58,SELL
2023-07-25,AAPL,Apple Inc.,Technology,224.05,225.89,219.23,219.39,216.1,15542127,-1.743,2800,29.5,0.55,0.92,70.4,0.495,78,SELL
2023-07-25,AMZN,Amazon.com Inc.,Consumer Discretionary,176.12,179.04,174.2,178.79,176.11,6990610,0.463,1850,42.0,0.0,0.71,52.52,0.784,65,HOLD
2023-07-25,BAC,Bank of America Corp.,Financials,41.58,42.14,41.22,41.82,41.2,3259508,0.862,270,10.4,2.9,0.58,39.35,0.461,69,BUY
2023-07-25,JNJ,Johnson & Johnson,Healthcare,211.19,213.14,206.88,207.45,204.33,4391647,-1.06,410,15.6,3.1,1.2,61.05,0.727,82,HOLD
2023-07-25,JPM,JPMorgan Chase & Co.,Financials,198.81,198.95,191.26,193.13,190.24,5014096,-2.353,540,11.8,2.45,0.79,62.64,0.561,71,HOLD
2023-07-25,MSFT,Microsoft Corp.,Technology,336.26,337.59,333.29,333.4,328.4,4268155,-0.401,2600,33.2,0.72,1.0,49.28,0.449,85,HOLD
2023-07-25,NVDA,NVIDIA Corp.,Technology,460.92,470.77,459.05,465.57,458.59,15296676,-1.803,2100,65.4,0.08,1.26,44.42,0.622,74,BUY
2023-07-25,PFE,Pfizer Inc.,Healthcare,34.04,34.49,33.67,34.47,33.95,3548944,1.093,170,14.1,5.4,1.09,35.85,0.475,80,BUY
2023-07-25,TSLA,Tesla Inc.,Consumer Discretionary,180.18,185.9,163.14,170.27,167.72,12275810,-5.539,780,72.3,0.0,0.98,39.75,0.373,62,BUY
2023-07-25,XOM,Exxon Mobil Corp.,Energy,111.65,112.39,111.17,111.65,109.97,3647007,0.928,440,12.2,3.65,0.73,49.02,0.995,58,HOLD
2023-07-26,AAPL,Apple Inc.,Technology,219.02,221.41,214.89,215.17,211.94,18117653,-1.926,2800,29.5,0.55,1.05,54.69,0.621,78,HOLD
2023-07-26,AMZN,Amazon.com Inc.,Consumer Discretionary,178.95,186.88,176.32,183.77,181.01,12722072,2.784,1850,42.0,0.0,0.96,52.32,0.563,65,HOLD
2023-07-26,BAC,Bank of America Corp.,Financials,41.79,41.82,40.47,40.6,39.99,1788789,-2.937,270,10.4,2.9,0.94,57.48,0.403,69,HOLD
2023-07-26,JNJ,Johnson & Johnson,Healthcare,207.22,209.5,205.7,206.04,202.95,4504316,-0.676,410,15.6,3.1,0.72,37.99,0.647,82,BUY
2023-07-26,JPM,JPMorgan Chase & Co.,Financials,192.72,194.7,191.1,194.0,191.09,6498685,0.447,540,11.8,2.45,0.71,48.85,0.552,71,HOLD
2023-07-26,MSFT,Microsoft Corp.,Technology,334.4,336.1,320.45,323.53,318.67,3125916,-2.962,2600,33.2,0.72,0.77,43.53,0.517,85,BUY
2023-07-26,NVDA,NVIDIA Corp.,Technology,470.05,480.53,454.67,459.9,453.0,11502692,-1.218,2100,65.4,0.08,1.08,44.21,0.618,74,BUY
2023-07-26,PFE,Pfizer Inc.,Healthcare,34.39,35.41,34.27,35.13,34.61,3866792,1.926,170,14.1,5.4,0.9,48.98,0.48,80,HOLD
2023-07-26,TSLA,Tesla Inc.,Consumer Discretionary,173.31,175.44,166.24,168.5,165.97,13114499,-1.04,780,72.3,0.0,0.95,53.69,0.626,62,HOLD
2023-07-26,XOM,Exxon Mobil Corp.,Energy,111.33,115.37,110.34,113.93,112.22,3966934,2.041,440,12.2,3.65,0.85,58.13,0.769,58,HOLD
2023-07-27,AAPL,Apple Inc.,Technology,215.85,219.3,214.12,217.21,213.95,7534993,0.947,2800,29.5,0.55,1.21,53.22,0.507,78,HOLD
2023-07-27,AMZN,Amazon.com Inc.,Consumer Discretionary,183.56,183.56,173.93,178.41,175.73,9790780,-2.916,1850,42.0,0.0,0.84,66.07,0.536,65,HOLD
2023-07-27,BAC,Bank of America Corp.,Financials,40.59,40.93,39.63,39.85,39.25,2998690,-1.833,270,10.4,2.9,0.87,50.04,0.533,69,HOLD
2023-07-27,JNJ,Johnson & Johnson,Healthcare,204.85,206.99,201.65,206.32,203.23,2558892,0.136,410,15.6,3.1,0.77,42.39,0.834,82,BUY
2023-07-27,JPM,JPMorgan Chase & Co.,Financials,194.14,198.28,193.49,197.66,194.7,4744085,1.889,540,11.8,2.45,1.1,41.71,0.88,71,BUY
2023-07-27,MSFT,Microsoft Corp.,Technology,325.03,330.88,319.54,330.33,325.38,4375947,2.103,2600,33.2,0.72,1.16,71.55,0.822,85,SELL
2023-07-27,NVDA,NVIDIA Corp.,Technology,468.46,474.03,442.59,451.92,445.15,6025866,-1.734,2100,65.4,0.08,1.34,56.16,0.638,74,HOLD
2023-07-27,PFE,Pfizer Inc.,Healthcare,35.3,35.35,34.51,34.8,34.28,3647013,-0.959,170,14.1,5.4,0.82,22.05,0.526,80,STRONG_BUY
2023-07-27,TSLA,Tesla Inc.,Consumer Discretionary,167.42,181.28,165.85,177.71,175.05,10467051,5.469,780,72.3,0.0,0.6,51.97,0.491,62,HOLD
2023-07-27,XOM,Exxon Mobil Corp.,Energy,113.69,113.75,111.64,111.93,110.25,7921227,-1.756,440,12.2,3.65,0.95,34.67,0.638,58,BUY
2023-07-28,AAPL,Apple Inc.,Technology,214.68,215.43,208.2,212.98,209.78,9978751,-1.946,2800,29.5,0.55,1.09,53.15,0.701,78,HOLD
2023-07-28,AMZN,Amazon.com Inc.,Consumer Discretionary,179.91,182.99,170.0,174.05,171.44,8560588,-2.442,1850,42.0,0.0,0.84,25.51,0.576,65,STRONG_BUY
2023-07-28,BAC,Bank of America Corp.,Financials,40.08,40.31,39.32,39.79,39.2,3575960,-0.144,270,10.4,2.9,1.07,49.29,0.792,69,HOLD
2023-07-28,JNJ,Johnson & Johnson,Healthcare,206.88,209.68,206.05,208.36,205.23,6137537,0.986,410,15.6,3.1,0.71,90.0,0.892,82,SELL
2023-07-28,JPM,JPMorgan Chase & Co.,Financials,199.38,201.33,196.92,198.59,195.61,4251880,0.471,540,11.8,2.45,0.72,50.57,0.701,71,HOLD
2023-07-28,MSFT,Microsoft Corp.,Technology,332.57,333.66,328.63,330.91,325.94,5964717,0.174,2600,33.2,0.72,1.03,45.8,0.676,85,HOLD
2023-07-28,NVDA,NVIDIA Corp.,Technology,448.26,477.9,447.6,466.7,459.7,9693976,3.27,2100,65.4,0.08,1.09,65.29,0.649,74,HOLD
2023-07-28,PFE,Pfizer Inc.,Healthcare,34.85,35.4,34.45,35.13,34.61,6152355,0.967,170,14.1,5.4,0.78,17.18,0.805,80,STRONG_BUY
2023-07-28,TSLA,Tesla Inc.,Consumer Discretionary,177.96,179.82,170.24,172.26,169.68,11516144,-3.068,780,72.3,0.0,0.85,31.78,0.261,62,BUY
2023-07-28,XOM,Exxon Mobil Corp.,Energy,112.09,114.63,110.7,113.66,111.95,1622169,1.545,440,12.2,3.65,1.13,34.29,0.691,58,BUY
2023-07-31,AAPL,Apple Inc.,Technology,213.67,216.23,213.21,215.24,212.01,5842305,1.063,2800,29.5,0.55,1.3,37.49,0.486,78,BUY
2023-07-31,AMZN,Amazon.com Inc.,Consumer Discretionary,171.79,174.98,169.79,174.52,171.9,12211797,0.267,1850,42.0,0.0,0.61,39.46,0.628,65,BUY
2023-07-31,BAC,Bank of America Corp.,Financials,39.57,39.77,37.62,37.79,37.22,2187031,-5.042,270,10.4,2.9,0.84,59.05,0.59,69,HOLD
2023-07-31,JNJ,Johnson & Johnson,Healthcare,208.72,212.71,208.18,212.36,209.17,3875522,1.92,410,15.6,3.1,0.65,51.11,0.426,82,HOLD
2023-07-31,JPM,JPMorgan Chase & Co.,Financials,199.81,200.23,197.89,198.6,195.62,5228290,0.003,540,11.8,2.45,0.95,56.34,0.515,71,HOLD
2023-07-31,MSFT,Microsoft Corp.,Technology,331.25,334.37,327.43,332.92,327.93,5097778,0.61,2600,33.2,0.72,1.27,78.1,0.606,85,SELL
2023-07-31,NVDA,NVIDIA Corp.,Technology,470.5,478.3,450.69,451.75,444.97,12634388,-3.204,2100,65.4,0.08,1.28,54.54,0.336,74,HOLD
2023-07-31,PFE,Pfizer Inc.,Healthcare,35.34,35.58,34.77,35.01,34.49,3612548,-0.347,170,14.1,5.4,0.84,48.76,0.415,80,HOLD
2023-07-31,TSLA,Tesla Inc.,Consumer Discretionary,172.08,179.66,168.16,179.53,176.84,6817186,4.22,780,72.3,0.0,0.99,36.36,0.66,62,BUY
2023-07-31,XOM,Exxon Mobil Corp.,Energy,113.62,114.35,113.21,113.39,111.69,2998449,-0.237,440,12.2,3.65,0.93,47.27,0.589,58,HOLD
